x1,x2,x3,cat,y_reg,y_bin
0.0012301533574825742,-0.2854158272158405,0.3588039528088937,a,0.7235783732864147,1
0.2987455375084699,-1.5062791006395633,0.3915930157503348,c,3.134007353924216,1
-0.2741378553622176,-0.9772578504980973,-0.4206814067973341,b,1.1230258630673573,1
-0.8905918387572742,1.3858391630461182,2.0208894329971416,b,-3.5708145633964974,0
-0.45467078517172255,0.8205786858900587,0.3710399612419042,a,-2.3570909156344837,0
-0.9916465549964624,-0.40166815215067564,1.7769289229773846,a,-1.4229149839348962,0
0.060143602597438485,-0.8701723702042559,0.9591389238981252,c,1.0795183594161235,1
1.3402152455545335,-1.893807136511814,-0.6622748070560666,c,5.166600488480335,1
-0.49220651855132963,-0.3936567119009843,-0.3821868156578954,b,-0.1486526424337999,1
-0.6204748998199404,-0.030903252586298,0.43610206735723056,b,-1.3625732363712109,0
0.4898420501851982,-0.08405435783448403,0.06117253183875087,a,1.6756585356271372,1
0.35688700816006075,-0.0937919279761702,0.04946114175893247,c,0.8730069357800198,1
0.10541424899789856,-1.121809627226926,-0.28620495437455035,b,1.7334367350277575,1
-0.9304680447082047,-0.06627388536561797,-1.808476355740995,b,-1.562053960441393,0
-0.02925182246327349,-0.038673379535105926,-0.22543264342069147,a,0.4498220137759551,1
0.6953031944582878,1.2905620378031775,-2.2181214639227598,a,-0.42370392793190376,0
-1.344214547285082,1.8667334543523622,0.3718195687849371,c,-5.79281556879712,0
-0.45761576104021817,-0.13698902691779163,-0.726057787427706,a,-0.6169972812324832,0
-1.901222739800844,-0.7663059511758866,-0.7154167261721429,b,-2.309087037571176,0
-1.289537739784976,-0.06498212976196366,-0.21930379562997881,a,-2.60491252218358,0
-1.8417350377917323,-0.607621275254437,0.27267234629586407,c,-2.9654486520546284,0
-0.23509113107468127,-0.7424338157462491,-1.4320061777359552,a,0.8975804393107365,1
-1.2674464814437032,-0.05865015192214237,-1.7486011895534066,c,-2.411925799878697,0
0.2712643588217015,-1.0433044311523152,-1.0660658714998135,a,1.8318498387011906,1
0.15675108662422516,0.6061067511550176,-2.0417275241987234,b,-0.6905946038794615,0
-0.18693094462995438,-0.10391554918407729,-0.9668496098892981,b,-0.40690418822528196,0
-2.516759710820513,0.25000830685995257,1.590883030522966,b,-5.33446471571335,0
-0.5386928958466366,-0.18294003597067152,-1.0565859164970517,a,-0.7755546093638813,0
-0.048500945401071985,-0.7272544472524123,0.6514051749001837,b,1.281491540841531,1
0.11330898600330756,-0.9479595597488518,-1.3716348082651353,b,1.8259735721252044,1
-1.5301357655053935,-0.23727600432454096,0.2991201525724937,b,-3.0952410230313188,0
-0.47775327603393064,-0.5487603374278119,-0.31973381221268193,c,-0.030618413062324407,1
-0.9785190780566395,0.23390133320957562,-0.05981278553427285,b,-2.083657076009291,0
-0.8088372394255993,-0.004431703197639366,0.5687775943675412,a,-1.4970571072965184,0
1.0608986233860787,-1.3623067479227293,1.7562401253161792,a,4.422772283476121,1
-0.8075346753318965,0.06712129942835174,0.19470634983327353,a,-1.8531455479738432,0
-0.0325217049455206,-1.3428604171407572,0.1243589513960949,b,1.7115392589986316,1
0.8843898673831739,-0.6164776255192805,-0.9733677174823148,c,2.9260136793558926,1
-0.583600432743302,-0.2943536092178474,0.5833396553323329,a,-0.9920366195312604,0
-0.11170194958415963,-2.075273277911311,-0.24607233054527072,b,2.3496216345042216,1
0.11046414324948059,0.09150744785998134,0.8320070429084299,b,0.3399921008732434,1
0.06378177425506196,0.15098334971433505,-0.0437064504849727,b,-0.27995770747855553,0
-1.2250558264176934,-0.15802419342467286,1.740855703809851,c,-2.2895919129507942,0
0.0761402303770081,-0.4243172724715942,-1.982916503137466,a,0.43926153240380444,1
1.3588234217415376,-0.37360366010814,-0.2965993601550742,b,2.946670436894005,1
-1.5471446781284823,-0.9765394686110568,0.8814816388012593,b,-1.9186273638342817,0
0.8593826880215982,-0.2697003697288119,-0.35069219708498706,c,2.0331534677034617,1
0.11935402569658124,-0.5526118035148618,-0.7921730690054608,a,1.1601255257044378,1
-0.6414703941072214,0.09168539268739877,-0.26588060573958244,c,-1.9949216811848927,0
2.000416546342423,-1.2041360895448572,-1.3799287476073374,c,5.9950805206566375,1
0.7622597120847118,0.235589909011144,0.11895377168976948,b,0.8756350199555573,1
-1.1992889021052233,0.1432188934776698,2.440461840173224,c,-2.879984083915467,0
0.07451622877146342,-0.1415628321787237,1.145031498226728,b,0.5308405528297608,1
0.5766895836701853,-0.439204823086289,-1.1090091065152694,a,1.7935279188412057,1
-0.1887821253507493,0.5523398924701125,-0.8733410823282927,c,-1.5901825359668396,0
0.682910267195206,-1.6646017067938645,-0.40472780902245364,a,4.323871266389801,1
-0.06651732014941557,0.4604533381451202,1.0044161277339365,a,-1.0388700487517073,0
0.6672475608343279,0.24303746619037217,-0.8214870091691876,c,1.0317679103699693,1
1.438522591656152,0.28337629253461555,-0.6902314189475338,c,2.501953331662344,1
-0.6756622510056528,0.3833125924326753,0.8847494335149046,a,-1.5734616001945199,0
0.20313861038960904,-0.6536444065928503,0.8646525704751467,c,1.2728266218070214,1
-0.46330757653841514,-0.25946005830143554,-0.3738146603894485,b,-0.28540264452902836,0
0.12726841122583082,0.6370583312163494,-1.1177634143727924,a,-0.8865230549523941,0
-1.18719452785014,0.4306392440831103,-1.549744823262707,c,-2.7398157071993907,0
-0.5793015965026732,0.20671276544264874,-0.6989901269101042,c,-1.6594184985647793,0
-0.1961959728044967,-1.5143202451196276,-2.230528902271529,c,1.7885361474168244,1
0.8987638721004078,0.5378871148832081,0.7498198819099152,b,1.4646887088507612,1
1.145222007454132,1.1694709919931063,-0.6300306998045586,c,0.615480373948189,1
-1.323527792484255,1.0096714930428576,0.48129366424513825,c,-4.1341230813571235,0
-0.7946423659870495,0.2338780487691054,1.8683248876013339,b,-1.3795894863747433,0
0.6469034225734218,-1.5576786036041945,1.172995707132864,c,3.720663919061506,1
-1.9924197841744944,0.9425448142280201,-1.1511348379469908,c,-5.602691116623171,0
-0.46316986495236695,-0.1472546367197673,0.8692489864766937,a,-0.5218007752514549,0
-0.09728692567008902,-2.5325196480669656,1.1578570275164373,b,3.3087853915082457,1
1.2570149772868198,0.37720740310720396,-0.7463565180960922,c,2.230297984598813,1
0.6894039005707556,-1.4921717830795365,-0.9532969230720043,a,3.918559915715858,1
-0.32721342022219785,-1.296440580195063,-0.1096918973385416,b,1.1469942352128917,1
-0.3685758940999591,-0.6349588923738527,-1.6014233495161816,b,0.05831108803989865,1
-0.25019540051792494,1.272591177882884,1.470734949301553,b,-2.3651515022724485,0
1.5235294004561601,-0.37084535417839304,-2.4053637930304905,b,3.606865620124651,1
-0.4280249425728672,0.2709915877367156,-1.1068074157420604,b,-1.5069591709673942,0
-0.3036803883647294,1.7479679637522305,-0.2695651640091679,c,-3.087290755778101,0
0.35258906728526535,1.5940297626557918,-0.22708709133068325,c,-2.1963354334791094,0
-0.12077044508645512,-0.10335341582736501,0.16612417314262437,c,-0.19472563099613097,1
-0.19728422796572256,-0.2415210220605113,0.2714485686748367,a,-0.1332721640549141,1
-1.1140671431510563,-1.2608706340895501,-0.21361201462544818,a,-0.40514472304840693,0
-0.011521468038548173,-0.6944580741815911,1.1368863187699414,b,1.0954501515392205,1
-0.4435812229744192,0.4253583476127701,-2.1393761696371945,a,-1.8322055739727767,0
1.1661277761902227,0.39573076180964684,-0.0001645139169606655,b,1.8857881804749286,1
0.6530885027011638,0.11023823117395956,-0.7145844117153977,b,1.0957811548109673,1
-0.024143613009932233,0.9948016575639254,0.13251343514348632,c,-1.703043740319159,0
0.6683810232673438,-0.7723680130331807,0.22075983794627882,b,2.1536075324605557,1
-0.3398695517131494,-0.05607652018346502,-0.911828876494789,b,-0.8914016410842558,0
1.052126358426947,0.7312429884948122,-0.6409489965354924,c,1.097469427118989,1
-0.005399560671626605,0.584145906227918,0.7925867232518442,b,-1.1279802580706597,0
0.5833823541804138,1.0709457757324194,0.34905626865098566,c,-0.4236042807748141,0
-1.2908932453234871,0.3970204067650606,-0.6802484366024778,a,-2.9118213621050337,0
0.34668004887842974,-0.3094025555968319,2.0398909593419425,c,1.4156245849886684,1
-1.6882041173665416,0.3621922602623995,2.309177648495082,a,-3.5295973849359763,0
-2.0353289449399323,-1.0025951963841089,-1.4624624789603549,c,-2.640838426183154,0
-0.3044768777114372,-1.6394593315431263,0.30179496030034325,a,1.5789479739371162,1
-0.8999276075985952,0.5806717808971771,2.5089944356323914,c,-2.4157315089459974,0
0.16405279571222256,-0.0551403328210084,0.7838986291848924,c,0.48821705328210013,1
2.2447566264860495,0.30840962641700853,0.22106014291254644,a,4.30788647586594,1
-0.8317231814120817,-1.697684363841418,-0.20805683335943306,a,0.8858442007014674,1
-0.6239435864439059,-0.36511402472543003,-0.5411942858767205,b,-0.40130462968400776,0
0.2054039460646989,-0.5998571137315275,-0.2125147026197359,a,1.5221904177402559,1
0.49301329141235634,-0.8642121147366698,-0.5507294124081377,a,2.4614499807841232,1
-0.1764060659057582,-2.25501500646246,0.7449083585580341,b,3.155591097331311,1
-0.20593033025321647,-0.33487348213705126,-0.3981536526914417,c,0.18987431583142203,1
0.7024629551205442,0.8973042881661908,-0.4411515120100576,b,0.1172284297454689,1
0.5199076370338984,0.3809977218637382,-1.2021606868290806,a,0.5247952511544521,1
-1.0336758320736887,-0.6009466096658063,-0.04958987438030339,a,-0.9183831007587422,0
-0.07918131861584184,-0.014875971650300183,-0.8941216734390032,a,-0.2640435982339697,0
0.035286848661474135,0.7568000802380088,-0.1807501687290939,b,-0.6307051390106124,0
-1.0544846220491104,-2.7604178626541933,1.0418155527215323,a,2.005096913543267,1
0.25983910067436333,-0.12453654680663752,0.3659248863111264,b,0.9528285703308914,1
-0.8579564771765439,0.5432001471814378,0.5047252947854309,a,-2.5532734720724553,0
0.9720667079170427,0.6821286252341751,0.35609089975780356,b,0.8592739791252503,1
0.1927459126050724,1.7007302070100299,0.0591757301914933,c,-1.6575431138722052,0
0.08930648576905029,1.1350456790964805,-0.12732823067162988,a,-1.6012917434069645,0
-0.591028352856274,0.3125628347462472,-0.30780621590166646,a,-1.9702051485008296,0
-0.11860982387769403,0.30197600611542663,0.759117008833072,a,-0.8687041966837119,0
-1.9977462929070549,0.7869453479945998,-1.0842398092882488,a,-5.25521759618306,0
-1.1314074705230586,-0.5393269947423406,1.3407225862255443,a,-0.9150264857531623,0
0.3628397991887543,-0.040188054943185156,0.03407806268481745,c,0.837650663843865,1
-2.1285670418221447,0.9062390030785368,-0.7487003905773738,a,-5.38281423831227,0
0.8466085214811634,1.9574452148950907,-0.48914607904001295,c,-1.49335076860033,0
-1.7460964753739088,-0.159267305731742,-0.6769904011881117,a,-3.165139919709918,0
0.7567385026642676,-0.04840068932986404,0.16020649902804115,b,1.753947626422447,1
-0.8454970328793241,0.19848019378767898,-0.7178430444883082,b,-1.5383076175740786,0
0.7789910843424612,1.3432036940080567,1.1421311987837366,b,-0.6308909844081572,0
0.1309512075847998,-0.03031330358915025,-0.7816389926142432,b,0.45824473622678596,1
-1.5368349402914887,1.469359036471145,-2.272521930414174,a,-5.202062458176362,0
1.2491487495584548,-0.9666572174287505,-0.730998492725895,a,3.692854647627041,1
1.4417071555226115,-0.18603629573699512,-2.0085211732996573,c,3.157604695754171,1
-0.0658049060002071,-0.19816515668552595,-0.0398688505726567,c,0.09976919564377712,1
-0.27391627217232034,0.78650572409622,1.0591579783713116,c,-2.3089324869756664,0
-0.15986696597063635,1.0452603769782782,0.6477598002656734,b,-1.7379572163131325,0
-0.9751523227787462,-1.5094443581182324,-1.3375895049472426,b,0.4489227465557387,1
1.0985867597569177,-0.9151176258112247,-0.7622552815679994,c,3.4601162597316675,1
-0.5428919317301868,0.3368524787764621,1.7786335355666851,a,-1.9257030677787412,0
-0.051190412691676575,-0.6586936458858148,0.3185114087343339,b,1.2556298602285245,1
-0.7932964032030436,-1.522427775647643,0.004118692634058828,a,0.7635486789138266,1
-0.6260730997201972,1.0384799720234792,1.0560625611935577,b,-2.555690833972708,0
-1.2777251516511705,0.49397008415364824,2.4527411254301583,b,-2.9438249803573093,0
1.2570693137143927,0.4931774968607472,1.2965732775797387,b,1.6441456860569093,1
-0.15408757320601318,-0.4754457164460954,0.139415254770579,a,0.6080320614173083,1
0.9659216187288089,1.028938452167321,0.3546881759848233,b,0.32814830578910836,1
0.01332459691325976,-0.23995999642712024,0.6170797910982172,a,0.3709520280922296,1
-0.6944035277028942,1.0964352778229522,-0.6126984965101239,c,-3.0548638762998883,0
-0.3266852600022522,-0.9116651509426222,-1.0587194727174403,b,0.7137974732956699,1
-0.5602310505028996,-0.8541354476838009,0.05244908348938066,c,0.439231120427237,1
0.007959099184913658,0.20466321059769635,-0.9472112294631205,b,-0.2601197347695644,0
-0.3752668396769557,-0.7023321457970587,-0.06146241903506856,a,0.26453135232715275,1
-0.29992171594179834,0.6754510653688304,0.0961230399920905,a,-1.6821543378159953,0
-1.3785746841359137,0.26008774412905367,2.341037321882936,b,-3.0619524471641077,0
-0.8068459276211205,-0.9229712178630985,-0.8510499946565668,b,-0.45295204427457103,0
1.65405754880043,0.07286560094510024,-0.1217889319709347,a,3.0731520885457186,1
-0.6712332162517173,-0.35127768818736665,-0.1643028895845328,a,-0.8286200454991982,0
-1.0540937876234928,0.9158328291770471,0.4373105333753307,c,-3.6233988970646482,0
0.33732633257503086,-0.6325529831782043,1.0467243315836225,b,1.5938631016831497,1
1.407272199556532,-0.43917309547287997,-0.4904835016266552,a,3.3206098265926327,1
-1.454024302481208,1.2112369053763345,-0.8213520301050313,b,-4.223914518269675,0
-0.20852184825127065,2.238593389242513,-1.6407106159316551,c,-3.44266859520435,0
-0.6320525539349078,1.999008664227936,-0.9262044968028467,b,-4.1501300634456095,0
-1.7610194743274028,0.06322301166060816,0.5364408345765945,c,-3.630278095680434,0
0.7349267092583915,0.21885470706822427,0.045647041823202894,a,1.6892623986142494,1
-0.02344391855484465,1.5334586622826605,-1.0154339949061588,a,-2.266337603515275,0
0.07144184429260535,-0.12443480624463125,-0.3727674764848574,c,0.30782452098494273,1
-0.7523114724455892,-0.9763491371373664,0.0314729477902652,c,0.03568235501948577,1
0.4547841629969166,0.11687559743629844,0.5036789316089304,b,0.8107407314423649,1
-0.539297349487321,0.45151678053213146,-0.5933943528385258,b,-1.403290443151907,0
-0.1429032084967607,-0.8291496178182481,-0.2504400576578742,b,0.9531768366128687,1
-1.108260792181513,-1.6462311414991517,-1.818434733340209,a,0.7776563339000141,1
-1.2161027602081953,-1.4367295145541013,-1.1513858022379435,c,-0.49761656358566786,0
1.3355318553000226,0.665429284172329,1.6177156581788448,b,1.8464323385712624,1
-0.5071047045384752,-0.7583765163118437,-2.1881406726948454,c,-0.1271013287711365,1
0.2916803563558019,-0.14134709237111392,-0.33780255263402675,b,1.2496565904242658,1
-0.03379043476737232,0.21255868433783848,0.21919822934425529,c,-0.46906025576479626,0
-0.44114520276218416,0.6191408790947098,-0.3743492453270371,c,-1.8255490421195368,0
-0.5079609703372195,-0.3349027987134741,-0.8081575233653976,c,-0.2825085160285976,0
0.6300825914455861,0.49871570048060176,-0.061078532387332324,a,0.8259268031773247,1
-0.3018676045339098,-0.8900602921208429,-0.004965401502279523,c,0.4533860199663705,1
-0.15144364817129202,-0.36171402567801186,-0.08211740493189977,c,0.15314399426405173,1
0.022221557194479512,-1.0244155877878707,-1.8777121211521157,c,1.2323356778708225,1
1.1765083202520015,1.1317672163619168,-0.14740362795539622,c,0.6896921038050079,1
0.6805109746331383,-0.027083228066991226,-0.8551126902915559,a,1.3763036575814307,1
0.3826002677279928,-0.7393074876302995,-0.5477358748135395,b,1.7869282612115438,1
-0.5635713933532417,-0.3523717980651465,0.22697476334145322,c,-0.7697004243339161,0
-1.3819687200064654,-0.22172848072327495,0.6407287504805665,b,-2.527821334889985,0
0.949529931735302,0.7005197913250095,0.8967773342418733,a,0.6616813418004774,1
0.9664471342208761,-1.595636178185236,-0.49641305697888843,b,4.458588996226137,1
-0.1407083991233403,-1.037205841625419,0.9240027767201172,a,1.6533794759926217,1
0.541883841603518,-0.3781072515574971,1.1737275326239913,b,1.168247533401027,1
0.781443053885405,2.5323058327678063,1.1366379245460594,a,-2.2645645203987597,0
0.8311844526649818,0.9556788925319947,1.3897679388114335,b,0.12430762300844574,1
0.9213834732464707,-0.11145167913094357,-0.1456825059189122,b,2.133036612314681,1
-0.45561765066113274,0.7119995824108395,-0.17413191507326234,c,-2.217176429274453,0
1.5149729826647176,2.057436169630336,0.8250507793943487,a,-0.09281724678926256,1
-1.2465930582857083,-0.23374392677539008,-1.3665243151280329,b,-2.4024682720279573,0
0.861723076993649,-0.36641334409756016,0.20942904726834088,b,2.4472406310018364,1
0.4939320790307585,1.2119435432218957,-0.5305589921699142,b,-0.8052324992817534,0
0.8736191135245024,0.49417549813294265,-0.3687890508614081,c,0.965606338458708,1
1.8790083070967372,0.6713331553225568,-1.7415144478985787,c,2.8435638634622262,1
1.484445473378649,-0.5082223992805806,-0.8905443058032078,c,3.669603719520433,1
-1.145176907189325,1.9242031323427422,-0.020493929457115093,b,-5.565113758636969,0
-1.688671580267857,1.7095908015936603,0.8884531740936087,a,-5.792796760442887,0
0.8168890590537966,0.5659477888727499,0.9900265894080504,a,0.8569239774128359,1
-1.015012415875923,0.6842898381472375,-0.08032647499591145,b,-3.094979489358921,0
-0.0124053886475133,-2.0272608722430356,-0.18928835722896975,a,3.262311763727916,1
0.839727477005194,0.6377097934972082,-0.8306791870163397,c,1.0275141512125472,1
-1.6437973511855861,-0.19410858722532306,0.40235649697613907,b,-3.2695024800635677,0
-2.1099804543094787,0.43390570582822213,-0.2475780005075383,a,-5.06608848535759,0
0.259299020337227,0.6824594118460978,0.605884539149004,c,-0.11826980315273011,1
0.04438588961329704,-0.3412917681082754,1.751686804125962,a,0.9554223980368353,1
-0.24580307138192253,-1.6904818001870843,-0.032374957261813664,c,1.8595182753702566,1
0.03853476377021816,0.36787456507423494,-1.4973544741740719,a,-0.769919833130079,0
-0.8605156073672797,-0.7413836524403951,-0.8608504430288475,b,-0.7683476245079616,0
-1.5134944072721068,-0.3301940927243394,-1.4581474413366173,b,-2.6562267771621073,0
-0.1666548508803217,-0.6045098440941945,-1.1971096894149784,b,0.17743860640896825,1
-0.9717086910493917,-0.34157425525518803,1.305270723485468,a,-1.4232641860286868,0
-1.643481322411107,-2.3095209572659416,0.2266595734584829,a,-0.14272593635868125,1
0.5056810713932767,1.2169471272315173,-1.5201744315757593,b,-1.1166559605711037,0
-0.061398628422175805,0.253346102326474,0.6536321660301218,c,-0.27378980476753656,0
0.40652853663281385,1.111399262918864,1.2603748740788823,b,-1.0248391399828585,0
-0.9892949414259369,1.9798418298099358,-0.359874557435862,a,-4.966220423095389,0
-0.6580587918366578,0.022593122562750742,-0.6759908391368861,b,-1.1927331785985171,0
-0.9990430272201656,-1.8024362558405755,-0.3373777124849492,c,0.9088743473433378,1
-0.8866418670580481,-0.8938868503795847,0.28460651025417144,b,-0.5167084907449092,0
0.19540791774940214,-1.2069044808967102,0.639970150256371,c,2.2122019265075195,1
-0.7829746163349458,-0.501874643144999,1.1822168380402336,c,-1.0194887653010816,0
0.3560662888202746,0.07964797806597748,1.2124782059131658,c,1.0295055346563378,1
0.3397559254182162,-2.002187267023239,1.1854038482269786,a,3.845280205812078,1
2.0251609868801026,0.34247549334155225,1.361921431780073,b,3.260798788766369,1
-1.3927890458668095,-1.5103566532858779,0.6613877898003535,c,-0.5190286195907166,0
0.8879023778350454,0.29736526280001135,-1.5309066043319859,b,1.5081447833099382,1
-0.0894879618884183,-0.1094911451769814,-0.13096422951361827,c,0.10511353563081968,1
-0.01402973013099694,-0.3136312391925775,0.31392051262338433,b,0.8996799280369716,1
-1.4498638219066111,-0.07304305594131319,-0.38312626500769986,c,-2.447083281605399,0
-0.4601938127246543,-0.5397780157316924,0.9112608549019698,b,-0.24554721630840085,0
0.743197263443954,-0.6124714434041737,-0.36021397218550477,a,2.382806566878603,1
-0.08247837201730518,-1.6827563908688876,-0.92574702996371,a,2.038792494024674,1
0.08105437041126562,-0.02962731484932925,1.4442989994390623,c,0.2689129588188861,1
-0.29071668060054134,1.8455337106233174,0.6660043098063377,b,-3.311978662249475,0
1.1545697469862868,1.9804950628846045,0.21925378420038097,b,0.01426761530042664,1
-0.021472567043494796,1.3218175965449428,0.9267090914598398,c,-2.0012777528520003,0
-2.200415672482062,0.7058016008515581,1.0625342393353856,a,-5.982846841404234,0
-0.6920725504744906,-0.6764801240799883,0.3410358109726957,b,-0.5374465365051384,0
-1.968796607080243,1.4427507882162613,-2.457661418894294,b,-6.073632093603609,0
-3.2514384154965383,-0.056127554440968945,-0.6755894506677215,b,-6.732689322479824,0
-0.5301153497723121,-0.06887550976307337,-0.4565791295783091,b,-1.1737193559129062,0
1.3335598501027237,-0.29122713183926474,-0.9842008951131349,a,3.0125514459073184,1
0.04711990613059292,0.09196189901829563,0.19867743392031523,b,0.0417498723501455,1
-1.1725457074049794,-0.43521490158805637,1.1922021328513417,b,-1.7336045652309453,0
-0.9406998682024224,-0.08378216937310629,-0.48490558520706833,a,-1.978034604206919,0
1.1306132302500087,-1.0845991087272615,-1.1348326696708735,a,4.085045432214691,1
0.15762662339846478,-0.3736637047405186,2.0280348109104995,a,0.7408394415265722,1
0.04799924156205696,2.280556469949822,-0.4514376060975332,b,-3.4496634326535616,0
-0.05346178883805718,-0.0695940279619468,-1.232964924713251,b,-0.3474454337210154,0
0.038400261555346496,-0.23866056477176292,0.23767724961845885,b,0.2382874348778718,1
0.8054056469437983,0.5323742791050526,0.42568258158953415,c,0.9751927742013063,1
0.5525672973560755,0.708121821703462,-0.7050500896806735,c,-0.36146192747648037,0
0.21570470002449457,-1.1137688591720734,0.7904535745882663,b,2.0842692651486714,1
-1.0428683575900106,-0.20715878280324507,-0.4873194382866741,b,-1.5955672851564333,0
0.511108764909727,0.9182758409347652,-0.9229509153903888,a,-0.44947338336475734,0
-0.6842470779924941,0.26983762907210557,0.17859086852485911,b,-1.7133029699919056,0
1.0938456759004787,0.12195404350177193,0.7707689771249504,b,1.725561783702568,1
-1.2710508217241274,1.5540176686087332,-0.6338514911946994,a,-4.5455586708151685,0
-0.13762097627558853,-0.6777727596396438,0.3306255560142178,a,1.0166797709339799,1
-0.007358286291270949,0.08274589510763317,-0.09349163940534987,c,-0.07996064444816192,1
-1.3246455506441366,-0.5200586652550714,2.8244336497361435,a,-2.3079728183846453,0
1.721971643856479,1.4903082290762408,-0.7085596811630914,c,0.9469903596743308,1
1.4604067672595522,-1.9518603992765322,1.3841716005395124,c,6.0927798989167385,1
-0.46358376160908316,-0.6701416954837595,-0.05234628843888603,b,0.5063252925771484,1
0.7717211655645232,-0.5291569660279176,-0.12676200367229015,a,2.411331640167173,1
0.37867606967021183,0.66353962317159,0.7216651115364379,a,0.0738724380919632,1
-2.613559463345258,0.606275476109527,0.8939905665405024,b,-6.288472566710192,0
0.2503980162775905,1.3951942602387315,1.2670156409533917,c,-1.6393421469556422,0
-0.061344079833248494,-1.5740328423373253,0.3286517351351579,b,2.2386480797303183,1
0.08321735347453037,0.7504750090304797,-0.6003963897579253,b,-0.853503618162909,0
-1.0768749198271783,-0.29327986428830616,-0.5376461041840627,a,-2.096032440833127,0
-0.2693470462204049,-0.6656252372581756,0.5096531908833498,c,0.694910474081027,1
-0.17825876338229713,0.539568533372521,0.5808998706077412,c,-0.835233665731677,0
1.1880942172123188,-0.9201395827356486,1.3980509406964945,a,3.4692140213181197,1
0.33442706039101433,-2.0769132953143226,0.4184304554186962,c,3.4453891459385497,1
-0.005555030202663769,-0.37021848892263526,1.0601682652577384,c,0.6318577016330301,1
1.5289699979109401,-1.4977708516419035,1.5167710347839571,a,5.141018296756623,1
-0.5552479297636472,-0.6489158210706784,0.16480054453110587,a,-0.7298295485707474,0
-0.3894303048753847,0.3715547637511007,-1.4855586515906856,b,-1.1340468763710796,0
-1.8167550113390598,0.311999745614158,-1.17927708650058,c,-4.0626110368741,0
1.5691058462836123,1.5868994489785668,-1.4378028681905122,b,0.6387007696474137,1
0.9643323681944285,-0.19965474694348667,1.5915903810140994,c,2.7565079299817707,1
0.9168480445117076,-1.5333315905478553,-0.8474085948289408,a,4.1684195377651125,1
0.6688984464469374,-0.7560968566356783,1.2318415654122892,c,2.283584662771092,1
0.110148587663652,-0.9193842246262718,0.5857319115638746,b,1.6246614652917983,1
0.21548893918232892,-1.2178251584582491,1.7152691268390476,a,1.9976982991943086,1
-0.2520065902673078,0.43536719501544086,1.0030938194878394,c,-1.3474906665679631,0
-0.20360042572294623,-0.6452323379652398,-0.10237026121340073,b,0.6572383560332634,1
0.05430361171369427,-1.9773728166870077,-0.20003045039326856,c,2.9361168969048372,1
1.5118295115637772,0.6969228031192131,0.0851677199461466,c,1.8655312999561766,1
0.5556879018080786,-0.11142656870670702,0.17526095189885732,c,1.695751871886413,1
-0.058460125758861455,0.3568372783525386,-0.5307436711234165,a,-0.4372639732499347,0
-0.5793920504433961,0.10572154469998292,-0.03262829758865476,a,-1.1166599629100618,0
-0.6349984874116595,0.6316547341483746,1.6093200620023946,c,-2.085274900496326,0
1.6027050111724899,0.038018747015535724,-1.7021383108256534,a,3.269432292252725,1
0.5066873042271038,1.2362024834782115,0.258488139526861,a,-0.4767828920363241,0
0.06755055831065467,0.42498278997722555,-0.9069528059807551,b,-0.5072595648383192,0
-0.34618184215272274,0.3920676233884034,0.18703708280488074,c,-0.8165865881631057,0
-1.1090534117005277,0.40986691768255656,0.8398557752082007,c,-3.070757616915468,0
-0.06686155746989603,-1.45663774256872,-0.05761018045769089,a,1.9874740769829766,1
0.873658034470201,-0.16463575180371992,0.7729869198484017,b,1.64962060630201,1
-0.39253724683749003,-0.2593164895494978,-1.5898394013841861,c,-0.4820430142739691,0
-0.2272425830005601,0.2075467211604842,1.1069891126654727,b,-0.6361946395032457,0
-0.22103435143897837,-1.3586941642962918,-0.6031292426481158,b,1.9587842658727768,1
0.10959436799816868,1.634114776892911,0.6224080697923652,c,-2.3978153138922553,0
-1.593010878745609,0.10438866415652721,0.18244809597646958,a,-3.3412786353262347,0
-0.235398351965091,-1.211317540650674,-2.585562179123786,a,1.2563770070870943,1
-0.8543955181540714,-1.7088869635788377,-0.7560641214702215,c,0.6698894238638902,1
0.8845850325626053,-0.28128729372066874,0.22050836793540218,a,1.8937561423193814,1
-0.7705986765648598,-0.08967541292646578,1.5539760815691257,c,-1.3915189424145702,0
0.5770467473006955,-0.7182920859743898,0.2872682859036707,a,1.7985153734541859,1
1.5244374527267601,0.09211382792392302,0.25769587977073977,c,2.9383399512737607,1
-0.3135962612816255,-0.6411757672395606,-1.412684089629386,c,0.3398091121680284,1
-0.6015762521234661,0.5516582517062987,1.4311466965234902,c,-2.195077456537351,0
0.1914322591260928,-0.7245418183888837,1.8070769951881158,a,1.2169513533580203,1
-0.0020290276090286124,-0.03850022510492524,0.02857504312397509,b,-0.2923845379629324,0
-0.9936163473397114,0.9788391733621384,-0.2197570482201158,a,-2.9876593519781953,0
0.4609194157133795,2.5716688829102927,-1.6190497158096595,a,-3.271157508985887,0
2.015516053475408,-1.0076431926306066,0.8833210589564918,b,5.931922485784257,1
-0.25811199526572426,-0.46450777008709926,2.7022793256924214,a,0.3305788545660797,1
-0.2028761960646632,-0.8398356977999346,0.7171130747864916,b,0.7629959124993554,1
-1.0449320235690858,0.7843283217692749,1.2637035181531975,a,-3.555625740722501,0
0.3190884516865476,-1.1480993057175632,0.542087293708166,a,2.620949236164436,1
-1.2469762247076281,-0.4843570455930865,-0.9850158865687554,b,-1.335004081840107,0
-1.1069310243514836,-0.029601283237510274,1.3366726310198633,c,-2.402966226049156,0
1.2796672718437896,-0.9786785394797441,-1.2345748994697192,c,3.9526660514370877,1
-0.9054530593946442,-0.9573250423091814,-0.21066490566304208,a,-0.11201261412708852,1
1.0813575693313382,-0.47562288812186493,0.2788517450025256,c,2.9600953108521844,1
1.524358003782807,-2.10044024033736,0.8829096607766574,c,6.699366607110693,1
0.2593264574767428,-1.4454782170733342,0.41598566543096366,c,2.544334128195651,1
0.5533914028508236,-0.4130340877931743,0.3868345008334123,a,1.861906739483786,1
1.9522509436867783,0.14823063634199898,-0.7614880684287629,b,3.369423940375141,1
-0.19672840206571665,-0.18575998595359344,-1.289371413960456,c,0.4091561074237185,1
-0.5930057969416156,-1.7739686948393945,0.061480668263211365,b,1.292356245303797,1
-1.3532310647829418,-0.46378629175999775,-0.7101947772428983,a,-2.562774449249687,0
0.041707080346346355,0.7984376405061764,-1.3077856280692512,a,-1.1456833053814788,0
1.4791442109183066,0.5558655119913222,-1.265946471501941,c,2.0896324985712997,1
0.9595953814008653,-0.07874786152783442,-0.49012847417311295,a,2.51620543323393,1
-0.9420912414179574,-0.8873698750982034,-1.852578860174007,c,-0.6378325815345454,0
-0.855375383832596,0.6312163709522058,-1.3474687028443724,b,-2.660736260129025,0
-0.5041712293409636,-0.5789289812099466,-1.6351369290692526,a,0.008410731111188119,1
0.2922680824953417,-1.1692484024740184,0.1822594637816633,a,2.7349764394790816,1
-0.20531142710368377,-0.8021862351617889,0.4079842295184183,a,0.7768490949321165,1
0.21445394544308127,1.4483452917741528,2.0071409631828265,b,-1.4837405733780957,0
0.2967393780454473,0.22018003820169318,-1.4975297992323828,b,0.39272984580360026,1
-0.2987735866784475,1.1592470530477048,-0.6795969589096627,a,-2.410476586618943,0
-0.040173941602943734,-0.47933631330936793,0.9126113893228037,b,0.6580451972559341,1
0.20659237721603418,0.938149339185143,-0.2167738049889562,b,-0.9868707846314599,0
-0.08396970353317602,-0.6015040436180767,-0.3269979387077995,b,0.5053104994313801,1
0.5035208649940508,-0.15742736903283047,1.709169703339553,a,1.546602972148872,1
1.8708757733280048,2.4863502599556933,-0.3384061595207278,c,-0.33417890644457293,0
0.5919722847708305,0.7671486322996173,-1.1561948693340067,c,0.32601385172994035,1
0.05581054640855185,-0.5011703753276925,-1.3169399598669396,b,1.1019814880897871,1
-1.6861186233619148,-0.08481903902671983,0.3356943223139325,a,-3.268271002703716,0
0.38795708601520174,0.32622342088564454,0.30524160340596707,b,0.09521795383350182,1
-1.9466784117672074,1.2104575895159044,-1.3717023702861768,b,-5.765649479223747,0
-1.409034086156122,-0.48913309167015023,-0.9853962577263109,b,-1.9661748703082198,0
0.8546392524687652,-1.7413190846044793,0.5347126378156121,a,4.507021741685232,1
0.7062350601366643,-0.2796418131263074,0.5772667725251409,b,1.903662580847747,1
-0.14993899834888477,0.015385457163756576,-0.6432220836039892,a,-0.07492209840819944,1
-1.7100111061522156,0.10953796873523998,0.6222162018519841,b,-3.7236878084141587,0
-0.37134851689085024,1.3166901361826624,0.5718545872905609,c,-2.659088138430688,0
-0.678738318216024,0.3166870783059282,-1.7830817487195436,a,-2.224593706608303,0
0.6368407461302101,0.8129169716359846,-0.3120637504487101,a,0.24521269951579347,1
2.2577305324275314,-1.1011136939248025,0.41512559112112213,a,6.205425668730163,1
0.21693048795465586,0.8679014884245477,-0.5730757021639871,c,-0.9718848010211916,0
-0.7793111280321169,2.096219831656284,-2.138931868967707,a,-4.412566398868848,0
-1.1705515303032201,0.7729092902501778,-0.2830147214661213,c,-3.3275854587825804,0
-0.05609428076827262,0.25355571994071757,0.7520931599414118,a,-1.1966207018836386,0
-0.17679319351358783,0.15398818840774314,1.5804055858131327,a,-0.5745978575719501,0
-1.1515191595274716,1.7871422390260032,-2.190782661253991,c,-5.347507676775894,0
0.1163552356921842,-0.9271814833908629,2.6133213455642696,a,1.8901476650877518,1
-1.1509135213108617,-0.11110235795404999,-1.1271363310292688,a,-1.5129047999644443,0
1.1121072717293008,0.4602075929382135,0.9569708708011316,b,1.4042697763724454,1
1.0626506057881553,0.744001107813199,1.2341980705343905,a,1.0279443379819946,1
1.0847512652964209,-0.43732790570838587,0.9830173001338016,b,2.7627359956782715,1
-0.4740504706085282,0.3073213947272354,0.14961847956037583,b,-1.3213797552528532,0
0.5145205633180888,-0.2779214813511223,-1.1614176626879231,c,1.607060602565062,1
-0.13206950521935684,0.12047113280127958,0.6265587879860715,a,-0.12304722550555763,1
-0.38881206140248165,-0.13209154037389578,-0.7152331767755107,a,-0.8263421458685658,0
-0.3391456571420661,-1.1415936778555495,-2.5226949434372874,a,1.4270079054550935,1
-1.2997152730341506,-0.021113585023446714,2.8288986337162725,c,-2.800638632544034,0
-1.4438636958951212,0.8771515220618357,0.7081020219606693,b,-4.134182500040496,0
0.7943147908760457,-0.9670182915416742,1.8180771284865394,c,3.328801178958774,1
-0.19123540391952007,-0.24109174877483452,-0.9116228074944426,b,0.1574664999227111,1
0.21642485112762316,0.6647800644571485,1.4675028234118994,c,-0.7989641296775642,0
1.0017103884541199,-1.0698651067471732,1.5898691581489963,c,3.432737532822869,1
-1.7331324950160742,0.18263833750815855,1.5545495245011742,c,-3.8558052219771857,0
-0.784130073815894,-1.0601298189534365,-0.0212063332121524,c,0.009142260516890172,1
0.17533484346507067,1.1346305008337747,-1.2024620437425992,b,-1.0645377522408366,0
0.39209478666557296,2.3128213818798624,-0.17731280686363585,c,-3.007995358864097,0
-0.3770744504010968,2.0222552842457637,-2.2027691137666046,c,-3.670856451017653,0
1.0291792326978486,-0.21918067777313757,-1.702012389403535,b,2.539622590098621,1
0.2103949388296369,0.7401991287406264,0.09193878115026889,c,-0.5499366349122377,0
-1.2133821388278598,0.120997728500156,-0.991398465768181,b,-2.4916842867914566,0
-0.9307637759906452,0.10210589606928461,-0.16444685545475027,b,-1.6351068657552383,0
0.8054710604946225,1.5477570609378302,-0.10899975140135905,b,-0.5887413845759419,0
0.4638314564560598,-1.319179576184154,1.9307270485184007,b,3.120672088328342,1
-1.899061239006601,1.0552945974661148,1.297626569750945,a,-5.240177747980533,0
1.3477123038624088,-0.048975995155734274,-0.04487258416282581,b,3.217166808640492,1
0.5980270310938874,1.4085406206041422,1.2088995341693431,c,-1.3917080536091564,0
1.3433429876964984,0.18723336889944325,-0.7797131446903424,b,2.7263630663236538,1
-0.383700881075084,-0.6726719945261853,-0.33689702409487016,a,0.1763485360757502,1
-0.2957062213323259,0.27714037675138314,0.9102243101173967,c,-1.077302222900823,0
-1.126457084751319,0.7359670950296834,-1.2416605775709948,a,-3.5992339978537653,0
2.5369295701318877,0.0357636741111941,-0.2789807283002251,c,4.553039762095278,1
-0.17545422540714875,0.4880382765565979,-1.3208458600880442,b,-1.178439577538585,0
1.5875331920819455,-0.521675175701983,0.11747240782797058,c,3.785755820337423,1
-0.6472924513872795,-2.133883900845073,1.6325157555894336,b,2.0297844433582246,1
0.16384119233310074,0.900023583773342,-0.7520968891009723,a,-1.3904186092281667,0
-1.67135248657008,0.6991597361842888,0.22587949591382886,a,-4.033541282530562,0
-0.382867148766769,0.1481783846143336,-0.8973219016364986,a,-0.9200184136514472,0
0.9837549084000277,0.06841056221032339,-1.1495489432403887,c,1.8029183006018732,1
-1.2517438155744967,1.0362957693547372,-1.235849520341746,c,-4.2352871224775726,0
1.072227544934612,-0.4571067254765605,1.4547520814096038,b,2.6333134142209493,1
0.3372378158484627,-0.7065340653585184,2.362435470617594,c,1.4517549385795492,1
-1.0439509249842558,-0.18854986949598598,0.4830437053055756,b,-1.9411672269513243,0
-0.5015972714256735,1.1890971885515316,-0.7162929691373378,a,-2.7853277219550168,0
-0.4590656767054133,-1.387112904264485,0.7048916343431867,a,1.118197140625,1
-0.04951933794250218,1.1918299926140086,-0.3343235263430333,c,-2.2404056332572138,0
-0.5361439659430923,-0.639252854205514,0.8013983475373727,c,-0.17986571083883793,1
-0.8272879008045365,-1.100743499724022,0.29099363819943935,c,-0.22675628085731028,0
-0.30458770251481737,1.2600618361423188,0.27970415085508915,a,-2.4592976129775934,0
-1.026889738609049,-0.09689009479619475,0.6072760593752837,b,-1.442281366222777,0
-1.289526572643077,-1.3002343643849232,-0.5794936369771572,b,-0.47244592518045136,0
-0.04817648250735862,-0.3587330590564334,-0.4043678231128611,c,0.36346663886439345,1
0.8828742255545683,0.9310524308870369,-1.7212455900539538,c,-0.03705098859004269,1
-1.529371705117365,1.192074192621773,-0.441869441453459,b,-5.200535776337086,0
0.0035081514639604466,-0.42709868192105066,-1.422332690064836,c,0.22598349444057436,1
-0.6499561948012956,0.406320759097275,-0.14468119903994156,a,-1.7279014123982943,0
-0.9771454371346897,0.7140846323944298,-0.9576309493862568,c,-3.216685160372025,0
0.8534376527146189,-0.6446264937163554,0.10123442032130817,c,2.6894651107848326,1
-0.5181696890906662,0.35503607516644337,0.45323930641573995,c,-1.7243970365665968,0
1.4983016830648794,-0.03187791475556112,-1.420122571064877,c,3.0672193737314775,1
-0.7798393641463933,-0.5360244104730933,-0.8132790942459649,a,-0.40522282986078295,0
0.38650199362583243,-0.49214793537892493,-0.9433119018353825,a,1.3399894072907084,1
-0.22728300655720315,0.06703448186721092,0.7464934250784422,a,-0.6403565707222577,0
-0.7540218091263632,0.029853486958632845,1.7063620273868247,c,-1.7544098265232388,0
0.5876750425777528,-0.5654899533243374,0.8515366153697317,b,2.242228741021845,1
-0.15498257307480726,-0.4259451084001599,-0.34941892769912597,a,0.07252321897206593,1
0.6032105807136467,1.1133372383403377,1.4650063896361285,a,-0.7468305072104543,0
-0.047291507216996057,0.21382713517698357,-1.5141077364412707,a,-0.7622394585923735,0
-1.0858162553014383,0.8850943665882824,1.4993580521280918,c,-3.8513924390328613,0
-0.10206924318890695,1.2018222319374203,-0.6562142063018171,a,-1.889148249616101,0
0.05195516951614051,0.5888422596395486,-2.7802932151547175,a,-0.1370717953882593,1
0.9584629538811972,2.2708863133824324,2.6508047390847573,a,-1.7382476414129946,0
-0.9062690073351785,-0.8253040317638951,1.5780230743235615,a,-0.3366955111979387,0
-0.03932985326730542,0.8084095930822921,-1.0318837271201073,a,-1.2284973357399565,0
-1.721878730230039,-0.3181439730310917,0.16900864759315984,a,-3.242047142476435,0
0.6514930603433157,1.855783263371278,-0.21449945225320038,b,-1.5498636618770327,0
-1.0814829746406458,1.7004401213924243,0.10222080329493188,a,-4.7718553002876245,0
-1.8063595210836054,-1.9542111820067407,-1.4832864375412333,c,-0.8540777420630138,0
-0.0592168342747372,-0.9688662425118804,-0.681493982666794,b,1.817517413646484,1
1.1056849586628463,0.6643129107943418,0.46796128274761895,b,0.7383704087198916,1
-1.5244469482118754,0.7898672098844762,0.2226961699555749,a,-4.138435599203697,0
-1.0880355853884272,0.7365642161592768,1.1992385100066276,a,-3.19803637485734,0
-0.7432748910532813,-0.0708653281733429,0.07975025742709378,c,-1.525155839400317,0
-1.1294966463420033,0.45512082456347686,2.3492216858979997,b,-2.9042988131853766,0
0.37942788833458474,0.6530214357863233,-0.7157315571686473,c,-0.0012751348363397863,1
-0.8073674450444858,-0.07787126953732391,0.2593323919535436,a,-1.459744201923067,0
-0.7215147364602021,1.0273019683616285,-1.916317895933467,b,-2.879651094827677,0
0.5833053986823111,-2.259497249109046,-1.2531331287645449,a,4.729084654346225,1
-0.7555146309686842,0.6337935195699923,1.3285259609313695,c,-2.9697335388964943,0
0.43278009778072224,-1.034052612285726,-0.9428027674786568,b,2.7862336453579437,1
-0.9713851718820432,0.9586778079693892,0.5306751740014318,c,-2.81121106319124,0
-1.2121385142152894,-0.2286844248912001,-0.06177085735139875,c,-1.836051627664701,0
-1.8354492891909227,-0.8887872710840246,-1.0445489576875715,a,-2.08430151357347,0
1.861202786911729,0.3739021567442434,-0.34824927418715956,a,2.8094905943779236,1
-0.32025903213099666,-0.9113334978457667,-0.5142336346467203,c,0.6968750903782868,1
0.24393336794842915,-0.9127678975553941,-0.4873658684579376,c,1.654007629069775,1
-0.0310495089807992,-1.567294355953092,0.753608210927443,c,2.1420439508830174,1
0.15996175700726273,-0.026707754798113225,0.6523445544165802,a,0.6017443734533319,1
0.04968647937437248,0.4968235216908353,-0.5774256966270559,b,-0.8468374705976002,0
1.9082170392026987,1.0230259861312425,-0.907102803839221,a,2.2493697760347264,1
-1.0389265909571472,-0.14172786178901123,0.2823373345183147,b,-2.3424065695762026,0
-1.557462106098177,1.0478552084476458,-0.10001541175059649,b,-4.726315025344215,0
-1.0119596684843548,0.017960975134801903,1.0282824624497804,c,-2.0283566096995025,0
-1.3347090097585461,-0.09328848097955465,2.655293570613392,c,-2.705682850082443,0
0.7469620524819425,0.5735629478577897,0.8429244344247891,c,0.4536079833177606,1
0.8203782095377569,1.0583927761257572,-0.034730271064206376,c,0.5247729763827702,1
-0.9613155451503265,-0.34143445445859266,-0.17204397087905782,b,-1.712915480088998,0
-1.3904357764629918,-0.2437616219559586,-0.8566941204641656,c,-2.6778833807171423,0
-0.35479665314109476,-0.16083140469983928,-0.9066727843825847,a,-0.6705988180578292,0
1.3911238778763935,0.08276912699183876,-1.003415510501075,a,2.957798820918753,1
-2.819569417798316,-0.9004082096051503,-0.39533517140537894,c,-3.763140910233473,0
0.5266267690158747,1.0280060600662873,-0.42714344576083985,a,-0.4057115891311755,0
-1.0757552274485853,-0.4004096317783333,0.7437307065618273,b,-1.7302255112147975,0
1.0403671465412743,0.4624434567778641,-0.39899901500045487,c,1.2801360176307162,1
-1.077923940876752,-0.8254725722239247,-0.1974497164360777,a,-0.6514359440466732,0
