id,age,income,score,category,region,active,joined,notes
0,88,18227.248801224054,74.57075619631647,C,West,true,2021-07-12,great
1,19,5299.721303695523,54.40023840639257,B,South,true,2021-07-26,bad
2,71,11584.322176523534,81.25676793709685,A,East,false,2024-07-15,great
3,89,34233.27430528628,84.1084707458682,A,North,false,2023-05-18,great
4,73,30224.474379942356,40.734472170192454,A,East,true,2020-06-23,bad
5,34,6287.717459485921,50.46730739706523,B,East,false,2024-10-23,poor
6,72,12339.07067274915,71.91760604750928,C,South,true,2023-07-24,poor
7,25,13830.380274623074,65.25636111484627,D,East,true,2020-04-01,poor
8,52,16442.493415324545,69.74798263743567,A,East,true,2023-08-22,bad
9,63,7326.616770985582,57.2043410863963,D,South,false,2022-12-13,great
10,50,13323.74570310558,83.19096962294243,C,North,true,2024-07-30,good
11,68,12297.012329223478,81.66687903143422,A,North,true,2022-06-13,good
12,35,40832.21400536315,70.99046046341824,B,West,true,2022-08-05,poor
13,61,42078.7040140532,86.90861810452049,B,South,true,2021-07-28,good
14,64,19601.30909459827,77.01264013378068,D,South,false,2021-08-10,poor
15,63,16096.677501400023,57.110613056751426,D,East,true,2023-02-02,ok
16,38,24635.393538725548,75.53126176123749,D,South,true,2024-02-21,bad
17,39,11461.39733154987,55.616760987565016,C,South,false,2024-06-15,good
18,36,8800.24054072522,83.17675451960909,B,East,false,2023-11-09,great
19,51,10381.939955588548,NaN,B,East,true,2023-01-19,great
20,60,13255.25648805316,67.2270645468211,D,East,false,2022-07-03,ok
21,44,8683.856100087187,59.786056833940876,A,North,false,2021-09-12,poor
22,47,25075.527443632818,88.33812008011046,B,South,false,2023-11-03,bad
23,38,39488.806817656514,67.68205776896797,A,South,false,2021-08-04,ok
24,33,6187.7162722772055,63.57508266755339,B,East,false,2021-05-04,bad
25,65,22473.743899104105,64.71799674267656,B,North,true,2024-05-04,ok
26,76,18472.73913035326,77.98463778330023,A,North,true,2022-12-13,good
27,38,28946.568627521447,75.48166096546117,B,West,true,2021-10-09,ok
28,79,21799.645463813868,76.19098917393983,D,East,true,2024-04-29,ok
29,59,6885.138836680821,76.46231504511825,C,West,false,2024-10-24,ok
30,30,8023.167402930028,102.12471401305692,D,South,true,2021-08-03,ok
31,44,22551.09405190186,63.90377475423077,D,West,true,2022-08-10,great
32,18,50162.5863408345,62.31635906392694,D,South,false,2022-06-02,ok
33,20,3746.772580383303,57.79340907628183,B,East,false,2023-07-05,bad
34,42,29044.408458551814,79.23969133863244,D,North,false,2024-10-03,bad
35,50,57050.81290781239,86.93458439081337,D,West,true,2022-09-29,great
36,75,19488.48971085596,68.29078813517687,D,South,true,2023-12-29,poor
37,27,34206.193283653316,57.39765284556208,B,West,false,2022-12-24,great
38,78,12550.86335325395,57.6327817646314,A,South,true,2024-06-08,great
39,34,20020.40015793905,79.75889181737051,C,West,true,2022-01-09,poor
40,27,6022.568963226009,81.14881256805164,D,South,false,2021-12-04,poor
41,68,3376.265018127102,78.14731402457792,D,North,true,2022-02-10,ok
42,73,46826.878360174596,60.01735439066958,C,North,false,2024-12-25,good
43,61,10016.650705373504,73.4824198460008,A,East,true,2023-01-22,great
44,26,15299.535141297962,71.75028713711092,B,North,false,2020-10-05,great
45,26,7265.164346180658,73.2803289509352,C,South,false,2020-03-15,bad
46,46,7129.698579379555,83.07143166922285,C,East,false,2022-08-05,poor
47,50,19166.70311800167,73.35393323162023,B,South,true,2024-01-12,poor
48,89,12287.505900902013,80.18370344607843,B,North,false,2022-05-25,bad
49,38,29803.371342576935,71.01368604233338,A,East,false,2022-10-20,ok
50,31,31635.359173259993,74.33679098034976,B,East,false,2023-12-29,good
51,86,28472.093669322978,79.4693233875781,C,East,true,2022-08-01,good
52,29,26658.96132024218,48.142662702165005,A,West,true,2024-07-18,bad
53,19,77824.73295453153,65.20493175464048,D,North,true,2023-03-11,bad
54,48,9376.154451625996,62.944410185608064,A,South,true,2023-08-28,bad
55,46,21079.41196858208,60.41683227634987,C,North,false,2023-11-28,good
56,62,54510.67627473385,65.87286623159974,B,West,false,2023-02-19,ok
57,81,60574.65483165237,92.42411966851594,D,East,false,2020-04-01,great
58,85,7062.745108807599,57.01253326460135,D,North,false,2022-02-19,bad
59,38,17156.21275353626,84.52417531887221,C,East,false,2020-09-15,ok
60,88,65283.64840895234,44.75695342576293,C,North,true,2022-07-21,bad
61,63,33072.69459329931,64.97672455021338,C,South,true,2020-09-18,great
62,23,25750.5283720382,72.44129597657508,C,East,false,2022-07-19,great
63,85,18506.03631701133,78.79333497038917,A,East,true,2021-09-20,poor
64,27,16203.122659974213,80.66839869689282,B,West,true,2020-02-07,good
65,60,27738.462042814528,81.90020852799887,A,East,false,2020-08-16,poor
66,74,17999.52594265664,64.76912391627343,B,West,false,2022-07-08,bad
67,35,21288.815143917334,63.064723110031494,C,East,true,2020-05-24,good
68,37,23455.938081065517,82.8696382188573,A,North,true,2024-04-12,great
69,52,12804.382539496542,67.13043512677578,A,North,true,2023-10-18,good
70,81,33715.181317615585,50.86470514993117,D,West,false,2023-07-19,good
71,34,226702.92042187427,53.000691789947794,B,North,false,2020-11-10,poor
72,65,5315.65058392503,56.20821570997583,A,South,false,2023-12-24,bad
73,50,28544.227895413616,77.45741116080646,C,North,false,2023-03-05,ok
74,26,11990.235978511098,72.13638604105847,C,South,true,2021-12-14,bad
75,69,34958.67966425088,80.35728031101652,D,East,false,2020-01-01,good
76,77,22862.33278344445,63.591210304951986,D,North,true,2022-08-24,good
77,59,40517.27961383033,72.37809536615072,D,South,true,2023-12-25,good
78,30,56410.199379974416,79.38385590951005,C,West,false,2020-03-02,ok
79,29,25692.05024940982,65.35980190419642,B,North,false,2020-04-06,ok
80,48,54482.881518385984,76.85162856336117,D,North,true,2021-11-30,good
81,54,3376.387685817246,60.071110884000234,B,South,true,2022-07-23,bad
82,57,78618.4621572854,64.55419230152393,B,West,true,2022-05-16,bad
83,35,29734.097240465693,64.27393159002506,D,South,false,2022-02-17,ok
84,54,52170.61501382842,52.0624053161644,D,East,false,2021-04-11,poor
85,39,8300.735498425282,77.30458721178373,B,North,true,2020-04-19,great
86,67,11331.979985046331,62.958964896959145,C,East,true,2020-02-27,poor
87,75,24754.204573244508,70.18741178091531,D,North,true,2020-06-29,good
88,64,21728.275038493408,NaN,D,East,true,2023-06-15,bad
89,18,27624.404179042253,76.69796764044916,A,North,true,2023-12-06,great
90,89,52449.81720784786,79.98077663459179,C,West,true,2022-03-05,bad
91,19,5365.923356746722,68.52271773235864,A,South,true,2020-05-21,poor
92,89,48004.75067430063,63.650525319337696,D,North,false,2022-01-29,ok
93,20,22172.887284136912,68.80422683640401,A,South,false,2024-12-05,bad
94,55,18713.014270961652,44.68998349062955,D,North,true,2021-04-01,poor
95,25,6789.33184214476,48.29331291365369,A,North,false,2022-06-16,ok
96,24,32939.865966419886,50.15950581468397,B,East,true,2022-09-09,poor
97,67,3192.9921019977864,55.04129758597777,A,South,false,2021-08-25,ok
98,70,37001.55467515198,75.99661340085154,D,South,true,2022-03-11,good
99,26,6676.274034327126,56.41781416959909,B,West,false,2022-05-11,great
100,88,22988.889893424366,64.32756168940915,C,North,true,2022-05-15,good
101,41,20023.56141965281,89.48842446679097,A,South,false,2023-08-04,great
102,40,56141.49715694876,64.6560404340786,B,North,true,2022-11-27,ok
103,39,19092.977280783572,81.0627335270063,D,South,false,2020-04-07,great
104,51,12640.85301873828,55.995734799851846,D,South,true,2020-01-12,poor
105,30,14686.997289796022,66.91843663198554,A,North,false,2022-01-20,ok
106,48,60980.30456302194,55.749669176341285,B,North,true,2024-07-16,poor
107,33,33827.77790105345,64.91450386149157,B,West,false,2020-03-08,good
108,21,16179.430865064187,82.60462206186094,C,North,true,2020-05-09,good
109,44,18230.34630685333,44.09019365211477,C,West,false,2023-05-26,poor
110,66,6287.1197002666195,76.51635465318786,A,West,false,2022-04-03,ok
111,72,30054.851084094465,73.56603403498417,D,South,false,2021-02-25,ok
112,43,5389.174153253644,61.08775066454808,A,South,true,2021-01-13,good
113,41,40192.559590700715,48.30913218417318,B,West,true,2023-04-29,bad
114,74,24413.640061271737,71.08194261570804,D,West,true,2022-08-14,great
115,67,148681.45933822697,62.05760936404296,C,North,false,2023-03-12,poor
116,77,9135.210913218967,73.49014317032056,B,West,false,2021-05-26,poor
117,83,20289.734088055957,70.32778218285165,D,West,true,2022-08-19,ok
118,77,92839.74936483943,94.02668336981372,B,North,false,2024-04-20,ok
119,85,57131.54598811792,66.40966558790464,C,North,true,2021-08-01,good
120,47,12619.901850109542,NaN,A,East,false,2021-12-25,good
121,46,26348.69277544255,72.68913452434474,A,North,true,2020-10-26,ok
122,41,22061.72499011978,73.29995025957648,B,East,true,2023-03-13,ok
123,34,27599.824525556138,90.38781362860655,C,North,true,2020-02-29,good
124,71,12595.00582424957,82.52666868871867,D,East,true,2021-03-30,ok
125,69,20507.453365229147,75.35306588724264,B,North,true,2023-07-26,great
126,75,6133.728607814495,NaN,D,North,true,2020-02-05,poor
127,30,24540.95813955779,NaN,C,North,true,2024-12-12,poor
128,53,31571.703474300884,60.40372700875378,A,North,true,2022-01-08,bad
129,33,18362.47519967494,56.10136087891713,C,East,false,2021-12-29,bad
130,82,6050.881770120546,64.15285295266348,C,North,true,2022-09-07,poor
131,37,48573.116105458525,49.34970778665537,B,West,true,2023-03-13,great
132,28,29484.501470644493,79.52726420221606,B,East,false,2022-04-19,bad
133,59,12322.571264423555,66.66665954351839,B,South,false,2024-06-03,great
134,81,17597.632281736376,47.93790558246013,C,West,true,2024-10-23,good
135,83,6630.692172291223,54.76631378188688,C,East,false,2021-01-01,ok
136,24,9697.970325255257,NaN,B,East,false,2023-07-15,bad
137,41,14324.84788837917,82.57189851841572,B,North,false,2021-07-03,poor
138,29,58849.38426365702,99.9509633753768,B,East,true,2024-12-24,good
139,40,13205.613552342285,113.70793699010994,B,East,true,2021-04-07,poor
140,56,36760.19670304306,76.21614149913995,B,West,true,2021-06-23,bad
141,38,14319.063462474573,55.15692819952204,B,South,false,2023-07-28,good
142,22,26859.048598160833,38.01930578903036,C,East,false,2023-12-12,great
143,54,19670.66263252042,74.01567193515754,A,South,false,2020-08-22,great
144,21,44286.9477781973,57.80588357034511,C,North,false,2022-10-12,good
145,34,14359.268905388739,63.76964109730472,A,North,true,2021-09-23,good
146,18,6260.262524262992,60.81854801410288,B,West,true,2023-01-22,good
147,24,7291.326535495434,67.88813670375423,D,East,false,2022-10-14,ok
148,49,14393.010774360915,85.98970346181466,D,South,false,2024-12-06,good
149,79,8109.17992864809,72.35572851168017,C,East,true,2024-09-01,great
150,73,30582.08357997232,67.62047744441968,C,North,true,2023-04-09,good
151,25,15174.709434701954,54.465193707612826,A,North,false,2023-05-26,great
152,20,147220.27889507604,44.87975582943464,B,East,true,2024-06-30,poor
153,42,5485.306900813238,62.70538136390004,C,East,true,2020-12-01,great
154,64,25923.53553474698,69.1932617377252,D,West,false,2023-08-18,poor
155,71,8934.161521777989,96.51894870369824,C,West,true,2023-11-11,poor
156,77,14842.929868016232,71.95411782209328,D,South,true,2020-08-20,good
157,42,24664.878278638742,84.74109266534586,B,West,false,2024-05-29,bad
158,30,3427.8992881520244,NaN,A,South,true,2023-07-01,great
159,19,26621.139399816537,52.22584350374463,A,West,false,2021-09-26,bad
160,28,100944.4828373782,55.523248566514425,C,North,true,2022-06-03,great
161,22,15325.131803240212,59.1216090319637,C,North,true,2022-06-13,great
162,79,27115.106458288108,101.92704598652747,B,North,true,2024-08-05,poor
163,37,50007.95413711773,57.679199811634206,D,West,false,2024-11-05,bad
164,77,19318.861935054563,82.57733805604518,C,North,true,2024-01-14,bad
165,57,13838.804552475758,56.4560923286946,B,West,false,2023-04-06,good
166,56,3566.752785731543,83.97359519311367,A,East,true,2020-07-09,bad
167,50,36783.055712143476,75.77426449158794,C,North,true,2024-07-29,bad
168,76,20119.912438015064,67.65043153512865,C,West,false,2020-09-01,ok
169,21,9797.209888716961,NaN,A,North,false,2020-10-31,ok
170,24,24374.124279411484,60.178184568559146,B,North,false,2020-05-07,poor
171,48,13808.722194294978,76.69108302223121,B,East,true,2024-09-27,great
172,46,14432.80609019528,63.1752477948883,C,South,true,2022-06-20,great
173,57,35776.013178886125,51.615913543491274,A,South,false,2021-03-07,good
174,71,7549.933776959232,50.83093638520571,D,North,true,2020-05-27,ok
175,60,50911.91333367041,72.58881876583179,B,East,true,2022-01-22,great
176,36,7200.1063051929095,93.68636884615653,B,North,false,2023-08-15,bad
177,41,12962.798410269708,72.39987420360157,A,North,false,2024-12-22,ok
178,72,102575.76294982777,68.22042510835176,D,East,true,2022-10-06,great
179,32,54278.517924653264,74.28739209403814,A,South,false,2023-01-14,great
180,54,23815.29246812841,NaN,D,East,false,2024-03-07,poor
181,56,10379.373802614708,73.29073752045784,B,North,true,2024-07-05,ok
182,72,14423.039245852384,63.83609153749394,D,East,false,2021-05-26,bad
183,69,23356.258371693442,86.59433065089833,A,West,false,2024-12-17,bad
184,51,22697.69339772726,76.4313465769242,A,South,true,2022-08-06,great
185,40,20482.031248670737,93.03633987993987,D,South,true,2024-08-26,ok
186,44,21489.80657144562,72.74851655832859,D,East,true,2020-08-02,ok
187,47,18555.099060607597,51.632964524192495,C,East,false,2020-06-27,good
188,33,6949.444529056485,49.477612011315024,A,North,true,2024-06-04,ok
189,63,14571.041895436972,94.76391898346874,D,East,true,2023-05-13,bad
190,33,45784.42483631017,95.85498581174946,B,North,true,2020-11-15,ok
191,64,7371.176174679672,67.307211800761,D,East,true,2024-06-23,poor
192,72,18927.205126820783,NaN,D,West,true,2020-07-06,great
193,87,11432.287374067146,91.92166438363303,D,East,false,2023-05-31,ok
194,26,24078.638172335286,53.39431476934768,C,West,false,2021-01-09,poor
195,72,16140.605476383507,56.579094715662606,C,South,true,2020-05-08,poor
196,24,71819.76042321927,79.64990192033567,C,West,true,2024-01-12,ok
197,42,33033.13816314035,64.08092315710616,A,West,true,2024-03-28,great
198,30,7712.189957288907,69.92317199919893,B,West,false,2020-07-12,bad
199,29,37683.68078480055,67.54835652213231,C,East,false,2020-06-19,poor
200,30,11852.315342025808,75.06361823198401,D,East,false,2023-01-27,bad
201,21,13882.757797395152,NaN,C,East,false,2020-02-22,bad
202,77,28312.401865090043,71.35877360352619,C,West,true,2023-09-25,good
203,22,14862.582089037198,79.65908189915287,A,West,true,2024-07-30,poor
204,46,44994.01019244336,39.24741848453466,B,South,true,2023-10-04,bad
205,68,11853.65989514463,69.26922397104823,C,North,false,2021-02-25,poor
206,89,13424.581664049658,57.35154594560693,D,North,true,2020-12-13,good
207,79,13028.613877737958,51.71780409364558,B,North,true,2023-05-28,ok
208,27,14009.472701331968,56.82771449606874,A,North,false,2020-04-22,ok
209,89,53069.2659735439,64.98814838948782,B,North,false,2022-09-09,ok
210,65,36425.96177201686,83.73853813534019,A,North,true,2022-03-30,good
211,30,86504.7983131386,50.10410923390654,C,West,false,2023-09-22,good
212,50,135146.5958055852,70.45947238891627,C,North,false,2021-01-04,bad
213,84,9656.88464287199,62.73745849999632,D,East,false,2023-10-24,ok
214,46,23302.951418690103,65.08490358457058,D,South,false,2023-07-01,great
215,31,8595.892455453597,85.04136737956907,A,North,true,2021-03-12,ok
216,81,11824.338344029658,78.07173155505889,A,East,false,2021-10-13,bad
217,86,13305.51635556419,90.06097161164115,B,West,false,2020-04-30,bad
218,88,9454.78366826284,67.68241481125149,A,West,false,2022-03-31,great
219,86,9494.710961738629,59.56086082493945,D,West,false,2021-04-21,ok
220,80,19625.254234360546,66.64211774679251,A,East,false,2020-07-26,poor
221,50,8321.728505403435,73.63745186906833,A,East,false,2022-10-19,ok
222,31,43204.57050272497,72.64860037680566,D,North,false,2022-11-02,ok
223,62,10570.233506581239,53.7341789164995,D,West,false,2020-06-06,good
224,33,208491.83860573758,71.35734672441811,A,East,false,2020-12-04,good
225,52,15350.332886981214,73.42342495208358,B,South,true,2020-05-30,poor
226,65,23332.770567425956,107.7621105630088,C,South,false,2023-05-25,bad
227,86,7814.428037733355,98.15266916922505,C,East,true,2021-09-09,ok
228,38,86238.62192679552,57.2013497416177,D,North,false,2020-05-10,ok
229,36,53938.54083208496,65.68924957676236,B,West,false,2020-12-15,good
230,70,27932.123812299025,48.04836997244495,A,South,false,2024-11-17,ok
231,18,7499.247498642666,61.139394790547705,B,North,false,2021-04-12,bad
232,58,26069.81738686312,74.73407505385511,C,South,true,2023-06-04,good
233,71,8980.898061874943,88.0878043133235,C,West,true,2022-05-05,ok
234,57,70960.89366133661,59.063742433845874,C,South,false,2020-11-28,ok
235,45,42081.17565044809,60.18780339898305,D,East,false,2021-07-15,good
236,77,23774.0809565423,37.79066455392018,D,West,false,2020-01-26,ok
237,44,3136.614992048548,67.56001119182639,B,North,false,2023-09-26,great
238,69,10029.311324895274,54.06378382210656,B,West,false,2021-09-03,bad
239,51,38185.414613354784,62.05840858950889,C,South,true,2022-07-01,poor
240,19,58122.43154141533,56.847088327486176,B,East,true,2020-10-06,great
241,56,53494.59229588397,NaN,B,North,false,2024-02-14,great
242,21,6163.435414348658,43.63407412965053,A,North,false,2021-02-03,good
243,85,28035.920597397355,47.99432131913514,B,West,false,2022-10-31,great
244,61,49633.04760410656,101.93870668042447,C,West,false,2024-05-13,bad
245,44,5844.939642667502,50.688661280889534,D,West,false,2023-07-27,great
246,53,21887.61843593155,53.548216323180405,D,East,false,2023-01-07,poor
247,62,27421.26040381256,NaN,B,South,false,2024-06-10,bad
248,36,17316.036771616826,113.5760075386061,A,North,true,2020-11-18,bad
249,38,5005.389523925181,52.426500567619875,A,South,false,2024-10-26,good
250,48,16974.05892383929,64.47626564817955,B,East,false,2022-10-14,great
251,36,16952.24675252851,75.12333326410764,C,South,true,2022-01-18,great
252,72,19565.871478107078,95.93046466608388,D,South,false,2021-04-12,ok
253,25,14033.784212737748,55.19714382357644,D,North,false,2023-09-22,good
254,77,15453.492018575096,66.32083231086835,A,South,false,2024-11-18,bad
255,43,21337.79034175864,81.66006364092615,C,North,true,2023-06-14,ok
256,58,31381.181720523113,76.52149111699929,B,North,false,2020-02-29,poor
257,29,17265.379486981285,64.35765893154851,A,North,true,2022-05-07,good
258,45,15871.508416551895,67.99265553225938,C,East,false,2023-08-30,bad
259,72,23715.478865036723,49.37656287445027,A,South,false,2021-12-27,great
260,37,4737.511416882665,66.42739384038002,B,North,false,2023-11-13,bad
261,27,32261.443670591383,66.00418764986567,C,East,false,2023-07-16,poor
262,55,22016.545597773835,73.48254834439383,B,North,true,2020-05-02,poor
263,29,22737.136167705834,61.67009171771476,C,North,false,2022-10-16,bad
264,40,47504.86691182787,77.07307783817708,B,North,false,2020-11-10,great
265,50,4618.141248524969,85.19073726729744,D,South,true,2022-06-07,great
266,58,4541.137925955166,72.33143991502699,A,West,true,2021-12-03,great
267,64,27420.414679703244,75.27634612598806,A,North,true,2024-01-14,good
268,66,21901.414787725065,70.797330213668,C,South,false,2024-05-05,good
269,78,25238.895468724022,70.00126589637121,B,North,false,2022-04-23,bad
270,22,15218.975857012183,59.17662949685729,C,South,false,2022-09-08,good
271,44,37477.00932924848,NaN,A,East,false,2023-02-17,bad
272,18,46449.03989543249,68.54070102379765,C,South,true,2023-04-12,great
273,18,32441.243349496704,101.39752463395892,D,East,false,2023-03-06,ok
274,33,17878.197510593975,93.60032353712865,A,West,true,2023-12-01,bad
275,61,4079.984587871008,75.78769828834751,B,West,true,2024-11-29,good
276,82,40757.24794074416,58.55414185457849,D,East,true,2024-02-21,bad
277,73,58535.16319933721,NaN,C,East,true,2020-09-03,ok
278,64,36888.19018397556,NaN,A,West,false,2022-05-20,great
279,74,10897.471383131166,73.94123837720707,A,West,false,2022-04-22,bad
280,30,37761.12883979233,NaN,D,South,false,2022-07-18,bad
281,78,43845.341999160526,43.831210195387115,D,North,true,2022-08-23,ok
282,82,76653.68802216995,83.91157722337272,B,North,true,2023-08-04,good
283,24,10928.311220835165,76.81630507321545,B,West,true,2022-02-08,bad
284,51,18376.653976646794,53.34353973378283,D,East,false,2021-04-26,good
285,77,40047.34430920376,62.927127888250766,A,South,true,2022-04-16,ok
286,52,23061.689514220558,73.9557580653478,A,South,true,2024-04-10,ok
287,78,9010.428595680523,70.78700197534366,D,South,false,2021-07-22,ok
288,85,30690.027019720546,65.61743221294668,A,West,false,2020-02-07,great
289,52,34993.90936032321,68.44767597901058,D,East,false,2024-11-18,bad
290,22,23632.31459821732,66.22033932689672,B,West,true,2020-12-23,poor
291,42,26256.475983954555,72.28843768153703,D,South,false,2023-01-06,poor
292,33,17908.58129040944,92.07237959489736,A,South,true,2024-01-01,good
293,52,71870.64238486238,31.500123386030538,D,North,false,2021-05-16,poor
294,60,10715.496599491564,66.44724603235474,A,West,true,2021-09-13,good
295,51,13768.565214127655,NaN,A,East,false,2021-05-27,bad
296,32,22220.896542389604,74.43990984530649,C,East,false,2020-09-30,ok
297,39,44496.38470015035,64.42128128018065,C,South,false,2020-10-06,good
298,66,6648.2002898997425,43.649173262821265,D,South,true,2020-12-07,bad
299,19,7721.489773069923,74.91993225571164,A,West,true,2022-04-16,good
300,33,4314.847209826765,95.91025321246278,A,South,false,2022-08-27,ok
301,82,22610.1947844199,46.99207892625793,C,East,false,2020-01-30,poor
302,25,9003.380043794143,82.95742020547283,D,North,true,2024-03-25,poor
303,47,16193.414269396282,65.07212165315659,B,South,true,2023-05-19,bad
304,32,37387.905618259174,69.0801348125673,D,West,true,2020-05-09,ok
305,25,13184.086635308064,54.20652233944077,D,North,true,2024-03-19,ok
306,48,26503.32877389299,64.98315741466185,D,North,true,2020-02-25,ok
307,55,17335.81156880103,89.50066892048437,C,West,true,2022-10-21,great
308,30,37710.40960163571,78.7398286298156,C,South,true,2022-04-29,poor
309,23,32212.261593521453,95.98467408114917,C,South,true,2022-07-06,ok
310,27,12663.169794363035,87.66117833466541,C,East,false,2024-10-12,good
311,64,19246.386297334655,76.58630018394365,C,North,true,2024-08-20,poor
312,79,50766.639656840045,NaN,C,North,true,2021-05-24,poor
313,30,30172.96175476018,76.58489738107448,B,North,true,2022-11-25,bad
314,41,7204.278421993518,82.41982265195588,C,North,false,2024-10-18,ok
315,42,37216.014648917015,65.55143569697937,D,North,true,2023-08-24,poor
316,43,9249.377232752202,70.99818723788808,D,East,true,2024-06-09,ok
317,35,68187.08497077401,NaN,C,South,true,2022-03-05,ok
318,21,49975.04560241918,84.8437590189228,A,North,true,2021-06-01,poor
319,55,27775.46568585576,52.325445653277015,C,North,true,2022-07-21,poor
320,43,24978.88819165613,81.73525513626493,B,South,true,2024-02-01,ok
321,42,18634.57854190381,67.14023413742261,A,West,false,2024-08-23,good
322,37,37904.27422587401,87.5687064020098,A,South,true,2023-06-07,ok
323,84,16372.812510426204,81.2630348309689,C,North,true,2023-07-14,great
324,61,26594.39867617573,97.30969236470202,D,North,false,2022-07-24,bad
325,48,44247.20538124334,80.96162036707968,C,South,false,2021-08-06,ok
326,32,14052.48834069194,NaN,B,North,false,2022-02-11,great
327,75,13454.18929133375,68.99570240652699,A,West,true,2022-06-28,good
328,81,8471.879089658027,52.41989211107776,C,West,true,2024-01-29,ok
329,20,9399.594256262146,62.22580236450588,A,South,true,2022-10-11,great
330,84,5101.468665313168,92.66842649915083,D,West,false,2023-12-19,bad
331,68,39492.38040777508,79.56300716346544,D,South,true,2020-02-19,ok
332,25,93632.38850679217,59.516043571318804,D,North,false,2023-10-14,great
333,72,68889.78273430301,54.79423950339402,B,West,false,2022-07-15,good
334,25,5997.706403825274,70.49173139314391,A,West,false,2024-12-28,great
335,21,39335.5408789131,51.75159775928309,B,South,true,2022-05-11,bad
336,26,68712.40845920218,59.932895839051284,D,East,false,2022-05-24,bad
337,51,15283.850322110293,74.68014207326866,A,North,true,2020-08-20,great
338,62,23888.631242554817,87.32968054160044,D,East,false,2024-01-14,good
339,47,4419.074479450236,79.1314220833666,A,East,false,2023-07-05,good
340,26,27265.813245859994,35.6306573710285,A,East,false,2024-04-24,ok
341,32,9406.462353390823,74.5655009354539,A,East,true,2020-06-18,poor
342,79,25840.750829128443,71.08050359848868,D,East,false,2021-01-21,good
343,87,6317.239869573242,76.2083542805904,C,East,true,2024-05-21,great
344,72,34005.80687927211,94.24314522476811,B,West,true,2020-03-17,good
345,25,49991.59350332452,39.051425847928854,C,North,true,2022-07-17,ok
346,77,11771.72926211676,61.133448622133415,C,South,false,2022-01-09,ok
347,67,8870.28259887011,78.86359484190032,C,South,false,2024-09-12,ok
348,55,3925.2352548432773,46.276084008190864,C,East,true,2024-04-14,good
349,28,17798.494832624387,92.13923572080263,A,North,false,2024-06-26,great
350,89,13831.790103919267,75.52534919050987,B,South,false,2021-06-12,bad
351,49,6368.9154186506,82.69875978765106,C,West,true,2022-12-09,great
352,21,31647.51802448284,61.435845077173084,A,North,false,2023-07-02,great
353,33,15367.70785801718,82.20645534949315,B,East,false,2024-11-02,ok
354,46,9315.278988876134,86.02707333983557,A,East,true,2020-01-14,bad
355,22,14134.050235672803,73.49317030205752,D,South,true,2024-11-20,great
356,41,51898.42029130781,73.51601339048044,A,North,false,2021-10-11,poor
357,51,35680.14158958999,74.0551485892259,A,North,true,2020-08-22,poor
358,86,19850.394317931048,57.04982102890928,C,South,false,2023-01-29,poor
359,24,36144.64250377129,67.7870697963947,A,North,true,2023-11-28,bad
360,59,8701.67169374335,67.71216201321462,B,North,true,2020-08-25,ok
361,83,22604.314646069957,75.75090796530243,B,North,true,2020-03-15,bad
362,76,24781.62832762321,84.99736370365441,A,North,false,2024-06-26,poor
363,84,15125.400973632337,54.12195877032386,D,West,false,2024-09-01,poor
364,30,31206.031385912327,68.12486454520634,C,East,false,2020-10-12,poor
365,75,11797.62166451561,92.2218332148846,A,North,true,2024-07-09,good
366,88,33118.806301254604,58.84617656781154,C,East,false,2024-07-20,bad
367,41,34251.54722850883,57.6662497406452,C,North,false,2024-12-27,great
368,53,2135.107115166442,73.0345928774679,C,South,true,2021-01-30,great
369,56,57082.02587463485,82.6657778572798,C,North,false,2022-11-23,bad
370,53,1923.4850458563283,70.17139083340989,D,North,true,2024-12-21,good
371,38,13455.736229224256,89.93440885655484,B,North,false,2024-07-07,good
372,87,50025.01340441418,82.85190973849791,B,South,false,2023-01-09,great
373,86,17088.664360829927,82.62730100335092,C,South,true,2020-12-26,ok
374,45,6816.157761657439,78.3117475198614,D,South,true,2020-06-03,ok
375,75,9182.092057517722,104.91479650519128,C,East,false,2021-04-18,poor
376,46,50087.39191690618,66.92257466700934,A,East,true,2020-04-29,good
377,75,4735.281125015315,39.94716561900229,B,East,true,2020-12-22,great
378,60,54349.61891110713,94.06381542275712,C,East,true,2020-05-16,bad
379,51,21076.592021288765,63.13450853564761,A,East,false,2023-10-24,poor
380,27,8485.242317901051,71.6182066651455,D,South,true,2022-12-13,poor
381,65,13814.968291852949,89.64326027290791,D,North,true,2022-08-04,ok
382,41,9761.687139469614,45.966106884116115,D,South,false,2024-01-19,bad
383,33,44045.57448897675,NaN,A,North,true,2022-01-20,bad
384,31,39574.57904538022,45.9808309432172,C,West,false,2022-01-06,good
385,88,5567.331272608098,58.08795564961864,C,South,false,2021-01-13,poor
386,25,15948.599603176543,76.5945490902549,C,West,false,2022-03-23,good
387,75,11041.889660943554,77.86281764219156,D,West,true,2020-11-14,ok
388,80,61994.93547275813,74.1441126899283,B,South,false,2022-12-12,ok
389,20,7479.496123259089,48.8085117416145,C,West,false,2024-12-27,great
390,60,79489.74381851876,NaN,C,South,true,2022-08-31,poor
391,59,21447.518036053847,70.81530378085573,D,North,true,2021-06-30,ok
392,43,8694.556984581452,62.92335949542496,D,North,true,2023-06-11,great
393,66,12812.552748041195,76.89078657574917,B,North,true,2024-02-07,ok
394,47,11599.356801205853,80.52930439331905,D,West,true,2022-05-11,ok
395,49,7945.057199572209,72.07362148088023,A,South,true,2021-04-02,good
396,49,23762.440617292406,81.4019962806378,B,South,true,2023-07-28,bad
397,75,8247.517784464577,73.43817061172602,C,South,true,2020-12-08,ok
398,63,3849.5326604180805,77.950970584022,A,South,true,2024-12-27,good
399,45,16256.674198145909,59.42990105695176,B,West,false,2021-08-03,bad
400,84,5206.770322748052,67.30582879252812,C,West,true,2021-10-01,ok
401,75,12067.501665451917,72.95164144985436,C,North,true,2023-08-21,ok
402,85,10643.6387170496,82.30792713126128,A,East,true,2020-01-23,poor
403,70,10971.180316030943,64.09388241663142,B,South,true,2021-01-05,poor
404,46,109181.88947848293,77.81750883598168,A,North,true,2020-08-17,great
405,73,23043.275113606134,66.01241812126932,C,West,true,2021-12-15,good
406,41,26803.7426319939,68.23686749007804,B,North,false,2022-10-08,ok
407,37,5318.153113397318,82.4427856303611,C,North,false,2020-11-24,great
408,50,13053.733882501809,40.10409443418766,C,North,false,2021-09-20,ok
409,87,26166.67945826623,50.552915078878584,D,South,false,2023-11-11,ok
410,58,9704.809532184281,47.76721903835769,A,East,false,2024-09-13,ok
411,45,45544.73345483779,34.995758202275425,D,South,true,2020-01-27,ok
412,51,8415.602743051048,59.82603339767235,A,North,false,2023-02-20,ok
413,38,17516.649214310146,81.24150849591611,A,North,false,2020-02-16,good
414,65,13782.55151295791,65.72673900426138,A,West,false,2022-08-08,ok
415,43,25120.9271190242,72.96685122912778,A,West,false,2024-05-25,bad
416,57,13195.19388318922,86.33826245066189,D,West,true,2023-12-29,great
417,44,17734.817882623644,89.91529198401537,A,East,false,2021-03-01,poor
418,41,18234.96030855383,68.96293097910791,C,East,false,2021-04-17,ok
419,87,12240.308917270868,90.30378834354096,B,West,true,2023-12-02,bad
420,42,32470.10486855428,71.38189987651164,A,East,true,2024-02-06,poor
421,23,26654.431471254837,NaN,B,South,false,2021-05-28,great
422,45,20519.046755543746,61.08399471701897,A,South,true,2020-01-06,ok
423,56,15609.474259697707,47.79195231152475,B,South,true,2022-03-23,good
424,24,41657.438388737144,56.677992193995216,C,North,true,2023-02-06,good
425,40,18239.27664002671,64.62974967888357,C,North,false,2022-03-21,bad
426,29,17234.046772097478,82.05377529067903,B,East,true,2024-09-03,bad
427,54,23950.68069433396,95.81154746748976,D,West,true,2024-01-26,great
428,70,85585.34518613342,49.267277269344405,C,North,true,2023-12-10,ok
429,87,7538.021556871227,75.89241202389879,B,North,true,2020-02-07,poor
430,46,40777.490896672796,54.39184091263698,B,North,false,2024-04-08,ok
431,80,4843.839987577078,77.12045632694803,A,West,false,2023-10-11,poor
432,33,26207.961734516073,68.0337002396841,D,South,false,2021-12-26,ok
433,74,77657.72139593969,42.536412612287045,D,South,false,2022-12-13,bad
434,58,32563.093329261887,83.92445487352727,B,North,false,2024-02-14,great
435,72,25247.945443832952,60.92498930786903,C,West,true,2024-07-13,ok
436,72,14067.75284659515,61.99149642439668,C,South,false,2022-10-03,bad
437,56,22580.404697903385,53.95371383065465,C,West,true,2020-03-16,ok
438,36,18004.00924081629,60.18575084968667,A,East,false,2023-02-04,great
439,55,11745.420673053028,76.41835661042376,D,North,false,2023-05-27,bad
440,77,17467.538728870357,67.16133488595392,D,West,true,2020-04-17,great
441,87,25814.843334078178,74.92993003423722,D,East,false,2024-02-02,poor
442,84,11923.020965056252,75.42882780893265,D,East,false,2021-01-03,ok
443,31,11556.167353656752,89.8099248329225,D,North,true,2024-06-14,bad
444,61,7419.04224195309,NaN,C,West,false,2022-10-03,ok
445,25,30109.01841179388,47.84713274731402,A,West,true,2021-08-11,poor
446,66,34072.933516442434,86.00833624857975,B,South,true,2020-04-17,good
447,89,26511.35353192657,65.02767741854117,A,North,true,2020-02-02,poor
448,21,47673.7587362389,86.71888666866066,A,West,true,2023-09-16,ok
449,65,23630.51370958201,75.75065669773706,D,West,false,2021-11-20,poor
450,86,30140.00837024442,68.03293704694983,D,East,false,2024-03-14,great
451,78,28087.21980096012,75.23163841069443,C,East,false,2021-02-25,great
452,46,20471.070727935115,99.26518840189449,C,North,false,2024-08-08,poor
453,25,14405.171276146342,101.1547079358063,A,North,false,2024-09-16,good
454,84,129485.22910273362,71.04071702699169,A,West,true,2020-07-04,ok
455,84,15343.377337677754,72.40285889975613,D,South,true,2023-03-27,good
456,59,12929.901206614493,86.14360236199579,B,South,false,2024-09-12,bad
457,88,31169.89046877203,57.31508450848979,C,East,false,2021-08-13,good
458,18,26943.12743791477,74.99605558927382,B,North,true,2020-05-03,great
459,62,7159.294788743993,69.61205728069216,A,North,false,2024-05-18,great
460,20,54075.83021064073,74.70862317186331,D,North,true,2022-05-16,great
461,85,20427.643574380803,57.49946791075891,D,South,true,2020-02-19,good
462,66,9056.654984254712,46.156487600365466,C,South,true,2024-03-15,bad
463,83,57012.58383484158,38.90524846013062,B,North,true,2023-05-25,great
464,58,36335.13495665912,53.23923830515588,C,South,true,2020-05-08,poor
465,23,8009.362160094992,63.119870725910005,D,South,false,2021-04-17,poor
466,19,91285.41193896698,65.60212620026857,C,East,false,2020-02-03,good
467,42,37310.79204291179,99.05846743644275,B,East,false,2024-10-10,ok
468,71,21847.529057156407,86.58990054860948,B,West,true,2020-02-15,good
469,28,78603.778084696,55.56863325487559,C,West,false,2023-12-25,poor
470,79,25020.186225624177,75.21562678676436,B,South,false,2022-07-23,good
471,35,21537.1265231864,63.893826454745124,C,West,true,2022-11-30,poor
472,53,12987.724319114051,65.73454242939857,A,East,true,2024-01-22,good
473,32,35083.29434065584,72.77988474123073,A,North,true,2024-06-23,good
474,51,32250.291916558475,79.2875667546309,D,South,false,2020-08-20,poor
475,50,22286.67202896833,64.91112274173977,B,East,false,2020-02-02,ok
476,18,11707.804116192874,85.95777299101537,B,West,false,2020-08-15,ok
477,58,24439.204980887705,52.870926607863936,C,South,false,2023-05-31,great
478,74,20830.238236890076,70.09508593543403,B,North,false,2022-11-04,bad
479,85,7579.636671839654,108.96510589893748,D,North,true,2020-06-02,great
480,41,6785.546531177695,73.34619613937913,A,North,false,2021-03-04,ok
481,81,34617.7800400548,91.49821759909258,D,East,true,2022-09-08,bad
482,81,2747.617215468483,71.37280267259813,A,East,false,2023-08-27,bad
483,89,25960.42187292336,78.71165642994696,B,South,false,2021-09-19,good
484,44,15025.94351538625,69.14825208410963,C,East,false,2024-09-30,bad
485,79,62730.13828298864,67.44388628253694,D,West,true,2024-12-17,ok
486,58,14842.135866468983,58.3077640491187,A,West,false,2023-10-31,good
487,22,37331.29908767313,76.45452038436329,C,North,false,2022-04-09,good
488,37,16034.034960681865,57.22694216221348,A,East,false,2024-05-21,great
489,66,24124.869642886388,79.98377854470144,A,West,false,2023-08-22,ok
490,29,39714.404107457216,86.27930506668865,D,West,true,2022-08-07,good
491,49,15213.757968227528,75.49797110855845,C,South,true,2022-03-21,great
492,73,48885.88129005162,65.70626899666462,B,South,true,2024-02-29,great
493,28,9947.153395485155,76.80948368963044,C,West,false,2022-10-14,good
494,53,27880.26232895628,65.3699041668038,B,North,true,2020-11-30,bad
495,33,46078.96242189395,84.03320688197724,B,East,false,2024-12-31,bad
496,56,37347.82640049247,42.52890873677315,B,North,true,2020-05-04,great
497,35,102043.64586581994,64.9658894782203,B,West,false,2023-06-23,good
498,87,11959.109236189364,40.137820073140034,D,North,true,2023-04-13,poor
499,23,7307.676127017829,47.574087546591926,B,North,false,2022-12-06,bad
500,87,9942.083777105985,90.45793344720863,B,South,true,2020-04-04,good
501,75,37359.93129113668,83.42777472957529,C,North,true,2022-06-18,poor
502,79,32805.069731580326,59.20779650072814,D,South,false,2024-06-18,good
503,79,23904.101348044765,47.46244815938655,B,South,true,2021-03-13,good
504,31,8969.94084897828,25.53206743237523,D,South,true,2023-06-17,poor
505,85,40680.08072957072,61.84756738101048,B,East,true,2024-04-17,ok
506,60,8268.729741722113,106.30622518371104,C,East,false,2024-10-05,ok
507,87,55667.93939772034,76.52326407195471,D,West,true,2022-07-31,great
508,81,216631.00308556156,61.60641570925766,B,South,true,2021-07-27,great
509,59,29529.968772610635,76.97620314250459,A,East,false,2023-07-02,great
510,44,35118.6114099453,46.58562470508336,C,East,false,2022-06-07,good
511,26,14849.36206739538,65.54014955953546,A,North,true,2023-02-19,ok
512,25,5176.214844430951,71.49216209523608,B,East,true,2023-09-17,bad
513,46,13599.992354784985,68.70849022268428,D,West,true,2023-07-21,poor
514,76,9188.277879752737,81.86209182535121,B,South,true,2021-03-19,ok
515,54,6921.559184201309,75.16967839354079,C,North,false,2023-10-12,good
516,52,87368.31380186528,80.02489027161995,C,South,true,2022-09-16,poor
517,35,27399.773184956917,59.67441576653861,A,South,false,2024-08-27,bad
518,58,29844.32741732911,83.46723112615823,B,East,false,2023-04-19,bad
519,63,17202.02017334039,94.43405421435988,C,West,true,2024-06-17,poor
520,88,19181.530349007135,55.44775720522881,A,East,true,2024-11-23,great
521,70,47650.12563935514,56.6845651642816,B,North,true,2024-12-21,poor
522,61,21463.95520335586,90.03676504480349,B,South,false,2023-09-22,great
523,83,33676.48675514989,67.12984019957409,D,East,false,2022-12-27,poor
524,48,18829.810572523435,91.05732088099836,A,South,true,2020-08-03,good
525,85,16752.07964429066,63.36196432161724,D,East,true,2021-12-06,ok
526,44,7147.147946564866,91.82568364406066,B,East,false,2022-05-18,bad
527,27,4526.936634532096,71.97228725208178,C,South,true,2023-11-27,bad
528,48,17867.71048133214,73.87343234984043,C,East,true,2022-12-11,bad
529,27,23044.844410824524,93.47077032504856,B,South,true,2022-03-13,bad
530,26,7872.224606327923,64.57344283833743,D,North,false,2020-09-24,ok
531,81,21427.278980746945,55.88316856112563,A,South,false,2023-07-31,poor
532,75,22994.309480138636,63.27153687957468,A,South,true,2022-02-28,great
533,33,3925.2824725376868,76.78500925964708,D,North,true,2020-03-07,bad
534,78,10592.487182189652,46.51361391729229,C,West,true,2021-06-02,ok
535,22,30510.040800368653,79.56206353976683,D,East,false,2024-05-25,ok
536,38,30020.836919106747,61.91843023573385,B,North,true,2020-08-05,bad
537,68,8752.19729171938,87.21718991100346,A,West,true,2022-01-12,ok
538,39,25003.183616427326,34.086095426492925,A,West,true,2022-07-24,great
539,70,49907.460535239166,58.20151337343747,B,North,false,2020-06-01,bad
540,80,41013.574128297485,NaN,A,North,true,2020-10-29,ok
541,22,20409.81864948476,57.606558004540716,D,South,false,2024-09-13,great
542,19,15147.92668868781,73.71498851663415,A,East,false,2022-12-14,ok
543,85,13313.374527921787,67.31160061825368,D,East,false,2021-01-19,bad
544,55,32024.47798275295,66.19933646577978,A,South,true,2020-11-06,ok
545,54,25747.251911528532,NaN,A,East,true,2022-02-16,great
546,51,36443.67528715633,73.05082360929916,B,North,true,2023-08-15,bad
547,49,24477.24159897344,54.87195937085338,A,East,true,2023-08-27,ok
548,67,42404.55905314334,80.60274461348575,B,West,false,2020-12-22,great
549,59,23757.98649397701,79.93998955578226,B,East,true,2023-08-18,bad
550,29,41264.21642134376,75.77556906484152,C,South,true,2024-06-25,bad
551,63,44207.8748530812,78.34800164126895,C,South,false,2021-02-17,poor
552,66,11572.405371067536,74.44627001212989,A,West,true,2020-02-17,bad
553,26,5184.790747161796,100.52609954096602,A,North,true,2024-10-17,ok
554,45,75719.74857127777,68.69358743421235,A,South,false,2022-08-11,good
555,74,27046.88132277942,65.39375172498134,A,North,false,2023-11-19,poor
556,62,5588.193142646088,58.697086294639334,A,West,false,2021-08-07,ok
557,27,12443.384587336164,54.51605994133244,B,South,true,2021-06-30,great
558,20,40843.35561829853,51.33292318598387,C,West,false,2021-02-15,great
559,59,17610.639846380356,56.66804030153622,B,East,false,2021-01-31,bad
560,51,14622.999326359626,68.93979427521893,B,East,true,2022-05-11,bad
561,87,67555.54911334242,75.01442692746572,B,East,true,2020-07-12,great
562,55,9529.716832119037,70.76713087828243,C,North,false,2024-03-18,poor
563,85,11631.559318661459,58.51697083855431,B,East,true,2022-07-23,good
564,33,26084.82952418169,83.50276846029945,A,East,true,2024-07-30,poor
565,50,30102.513301597275,81.09119008451421,B,West,false,2022-07-06,poor
566,28,32763.632941626613,67.60527538866974,A,East,false,2021-07-08,good
567,59,45660.571464564906,60.206257830029315,B,West,true,2022-07-29,good
568,31,25818.921576494948,78.226418812447,D,West,false,2020-10-08,great
569,53,32581.735550072102,72.81960381229156,B,East,false,2024-02-14,poor
570,42,17901.371205388652,48.27809110877429,A,South,false,2023-08-08,bad
571,31,23159.460630781246,68.98029616023393,C,North,true,2020-09-25,great
572,24,24005.238204666053,73.93053718111571,A,South,true,2022-11-29,poor
573,54,26162.399062678942,56.50457820268369,A,West,false,2022-09-09,bad
574,86,40865.10690771933,72.84765089256165,A,North,true,2021-01-02,bad
575,32,34341.731160959534,48.17766272113316,D,South,false,2020-08-11,poor
576,47,22819.56594271922,90.04279150018256,D,East,false,2023-10-21,bad
577,34,11529.903134387152,88.71924977589148,C,North,true,2021-04-27,ok
578,76,23251.78091205996,66.21223998545553,C,West,false,2022-08-06,ok
579,47,21538.251483347012,75.4518150675861,C,East,false,2021-03-28,ok
580,88,25707.68526812155,33.851170513001875,C,North,false,2023-04-08,bad
581,35,128697.53569248004,52.65478509602001,C,North,false,2020-03-30,great
582,23,14486.634970232499,65.59331619771805,D,East,false,2021-10-18,great
583,59,30878.987497268918,53.918004678597114,C,West,false,2022-09-26,bad
584,64,51780.53854016806,80.71594723945988,A,West,false,2022-03-13,ok
585,89,23822.874970462803,99.95944796121991,B,West,false,2023-01-23,good
586,80,142953.7021080386,52.35077920856047,D,North,true,2020-11-25,bad
587,81,16277.98021781168,57.43804893872211,B,East,true,2022-03-18,poor
588,63,28545.97938027034,73.53172552464895,A,North,true,2023-10-14,ok
589,43,11625.490278787773,94.16674222749431,D,North,false,2021-09-01,great
590,48,16626.950997725784,51.664385311901455,C,East,true,2020-10-13,poor
591,27,26880.250890495732,73.73554183460413,C,South,false,2024-03-28,great
592,49,43349.1879596912,97.31948276219663,B,East,true,2023-11-22,great
593,44,28432.151168353976,45.22361277731099,A,West,true,2023-05-28,great
594,20,60312.33241510297,50.78396189731252,B,North,true,2023-12-28,ok
595,32,20415.052012835444,63.64590090308742,B,East,false,2023-11-23,great
596,56,16886.422508192176,62.19117380716884,D,West,false,2023-09-26,bad
597,44,191604.39560438404,82.18901931630467,B,South,false,2022-07-19,poor
598,89,30193.746716457277,73.62489579731258,A,East,false,2020-02-05,good
599,52,12387.148008972354,43.37556910536807,B,South,true,2022-12-26,poor
600,87,12639.58696315735,77.73115604351216,D,West,false,2021-05-14,poor
601,65,10361.539118853845,61.336916689665244,B,North,true,2023-11-13,good
602,20,46595.324603598805,89.11670825411858,B,West,true,2022-05-05,great
603,32,16456.867819388364,60.5861869534462,C,West,false,2024-07-11,poor
604,68,24389.060742484107,60.450770753466465,C,West,false,2022-12-24,ok
605,57,20935.322024565907,78.11697416206798,B,South,true,2022-10-02,bad
606,39,39544.97561653007,81.44389723505405,D,East,false,2024-08-06,poor
607,55,11188.085827627216,76.72149045904305,C,South,true,2022-05-17,ok
608,83,9316.49879275049,44.71604023922788,A,South,false,2021-11-17,good
609,45,26355.64719334338,78.07051659892376,B,West,false,2021-11-09,bad
610,21,35623.73569791699,54.485379224884014,D,East,false,2024-05-17,great
611,40,28739.445060245784,73.52914167382396,B,East,false,2023-10-13,ok
612,85,11526.88044397223,48.643983469014096,C,North,false,2020-10-25,bad
613,72,37872.7779715601,76.69483221314596,C,West,true,2022-06-18,great
614,78,12147.895918299479,57.90101643538941,C,East,false,2021-11-09,good
615,83,14512.550186702658,50.76048024609217,D,West,true,2023-03-27,bad
616,26,10350.987245905695,NaN,A,North,true,2020-04-05,ok
617,38,62375.42701246601,73.62466782515126,C,East,false,2023-07-28,good
618,22,36560.994710730316,60.79034797910654,C,East,false,2023-09-18,bad
619,18,35738.88892606345,91.76768273531596,A,East,true,2021-02-17,poor
620,78,59740.719581227924,63.39021367645386,C,North,true,2020-10-02,poor
621,85,209006.24243082528,70.48161510956402,A,South,false,2023-02-20,poor
622,29,5611.756869011914,74.033701715179,B,South,true,2021-04-14,bad
623,69,12201.311626340645,60.705010988070796,B,East,true,2024-09-16,good
624,56,13454.379328430141,77.06704440099894,A,North,true,2023-11-17,poor
625,22,11151.667330693106,61.99821479252913,D,South,true,2024-10-10,bad
626,83,9301.522746464585,63.82542516675686,A,East,false,2022-09-03,great
627,80,17331.441327512075,90.43963959705012,B,North,false,2024-09-10,good
628,58,8322.49216286604,54.391209212313505,D,West,false,2020-01-26,great
629,68,28797.213098539032,33.80829503605765,D,East,true,2021-06-13,ok
630,46,22956.551821000732,94.16405492517842,A,North,false,2020-01-05,poor
631,75,32364.67832040411,108.23991928910505,B,North,false,2023-05-22,good
632,50,33063.418247973656,63.92096101826002,C,West,true,2022-07-21,ok
633,89,35682.13715497403,NaN,D,South,true,2021-06-09,poor
634,22,16338.390297247097,65.34274035706085,D,West,true,2021-07-11,bad
635,30,120200.29100739975,65.70665575238996,C,South,false,2023-03-22,great
636,87,26570.18212287758,67.15114238466614,A,South,false,2020-11-25,good
637,38,4964.223641059258,53.29917937117227,D,South,true,2022-07-29,great
638,40,9878.336472996098,78.69341713714716,A,East,true,2023-01-26,bad
639,74,5473.0843813604315,77.86761062929129,A,North,true,2021-03-14,ok
640,31,22334.050102260284,47.5839157027104,C,South,false,2021-02-21,poor
641,54,19981.37404296962,NaN,C,South,true,2021-10-09,great
642,38,15142.481871793441,100.79027472918837,A,North,true,2022-12-17,ok
643,32,110055.59100840548,NaN,A,South,true,2021-04-09,good
644,87,34172.8346609522,64.94012256897241,C,East,false,2021-11-23,bad
645,32,39374.697326685455,67.86995178388717,B,East,true,2022-09-19,poor
646,24,10458.19551307336,79.22885150452842,C,North,false,2020-12-07,bad
647,66,9903.901871761222,44.03992591739173,B,West,false,2022-11-05,great
648,80,22684.664427348984,72.46586054465953,C,West,false,2020-09-09,ok
649,27,25296.105036103923,64.14304075805785,B,East,true,2020-09-17,bad
650,68,4988.800336469512,97.71737519434069,B,West,true,2021-03-08,great
651,56,19067.762898438497,67.38740899292563,B,South,true,2021-06-07,bad
652,77,22275.83341154491,95.0183141667928,C,West,false,2020-02-24,bad
653,27,18543.61246789466,53.443889533269896,C,East,false,2024-10-22,ok
654,88,11490.635406294148,78.80888750204188,C,East,false,2021-07-16,great
655,62,14305.106558039712,NaN,C,North,false,2024-01-10,poor
656,78,19120.429412037378,56.96429128202826,A,East,false,2024-07-05,great
657,44,23686.013823309895,72.6609417195541,D,West,true,2024-01-02,great
658,85,35733.11990197692,88.187782552474,C,West,false,2024-02-27,great
659,63,52296.51243365916,65.14312443570098,C,South,false,2020-07-01,bad
660,27,17405.157010041137,44.62056026245355,D,North,true,2021-11-10,bad
661,84,15291.846290044767,69.73655760283832,D,East,false,2023-09-25,ok
662,75,31260.935777478895,56.463653578112314,C,North,true,2022-11-18,great
663,39,35906.583179140995,64.86488592004176,D,North,true,2020-01-11,great
664,57,15562.814368567106,68.77618345472318,B,East,true,2022-11-02,good
665,45,41452.96879715646,NaN,C,West,true,2024-01-09,great
666,57,48226.70889042689,45.765124910189826,B,South,true,2024-02-23,bad
667,87,61904.56305575625,77.23100253288288,C,South,true,2021-12-02,poor
668,82,91368.56087747587,62.1592195574548,A,South,false,2021-03-07,great
669,33,11013.390053309558,NaN,D,South,true,2021-07-19,poor
670,87,22272.735084609652,81.77266054912202,A,North,true,2021-06-25,great
671,49,22226.0912056747,74.0855463291136,C,East,false,2021-09-25,ok
672,68,20364.350877833404,59.29187763945274,A,East,true,2021-07-05,good
673,73,13102.910555392114,50.24754683412638,A,South,true,2022-04-15,bad
674,52,6711.316412700017,82.53711844471506,D,South,true,2020-03-15,poor
675,50,23721.6534296622,75.24025933840645,D,West,false,2021-05-17,bad
676,50,11912.165554100526,105.7390342402611,A,North,true,2021-07-28,good
677,80,23595.110435183917,76.30282898087405,A,North,false,2020-10-07,bad
678,45,11669.86511145446,75.81554711893023,D,North,true,2024-05-22,ok
679,38,9138.699094718026,67.49608104837152,D,West,true,2023-05-19,great
680,44,26567.360389606692,82.25163800801187,A,South,false,2024-07-24,poor
681,32,24853.086311162882,79.3762780187223,C,North,false,2022-10-22,poor
682,46,35011.28009781434,88.77587512847792,B,West,true,2020-07-19,ok
683,26,126587.7488071606,62.18015622044073,C,North,true,2024-07-10,ok
684,24,27496.984551473495,63.46888790584057,B,South,false,2022-04-16,poor
685,70,32469.7905222375,62.8134524363203,A,North,true,2023-06-04,good
686,23,9301.68584999466,81.86202581768484,B,East,true,2021-11-27,ok
687,58,7867.330210422068,92.47561660445098,C,East,false,2022-06-22,ok
688,74,78140.48359507909,63.11739260276049,D,West,true,2022-06-13,great
689,70,10521.92207185871,63.62839408310363,A,South,false,2021-06-04,poor
690,50,9555.237790128882,74.71115835804699,D,South,false,2022-10-10,great
691,31,21348.160656535245,66.31357749980648,C,West,false,2023-09-02,great
692,85,20493.152179495424,84.28080479709836,D,West,true,2020-02-07,great
693,78,10699.95478612597,36.2233406407143,D,North,true,2020-08-27,ok
694,62,17257.833322372433,57.59942429624658,A,East,true,2024-03-18,bad
695,24,58894.357914143504,58.26375499057831,A,West,true,2022-11-06,bad
696,20,11558.832160380725,35.194659814207824,D,East,false,2024-11-13,great
697,40,7223.262593010437,55.54542333446794,A,East,false,2023-01-09,great
698,29,46820.428670662695,56.27265826231111,A,North,false,2023-04-08,bad
699,79,32657.7518618067,66.98343018221755,B,North,false,2024-06-30,poor
700,32,13407.708791581856,86.69448837490395,D,North,false,2023-04-21,poor
701,38,6212.175198449795,NaN,D,North,true,2021-08-25,great
702,88,12140.488647694943,54.53779419593269,C,West,true,2022-08-22,bad
703,76,21083.29817899,69.14568188179706,A,East,true,2021-03-06,poor
704,33,55968.12839570518,85.73760432162024,B,West,false,2021-09-02,bad
705,45,9611.681110348849,55.360617758276426,C,South,true,2023-05-27,ok
706,55,20586.361960733175,56.34137674117827,A,West,false,2020-09-29,poor
707,65,37801.94094028106,78.37823438911335,C,North,true,2023-05-12,ok
708,85,3277.9913742778463,NaN,A,West,false,2022-12-03,bad
709,80,50363.8499774274,79.71227036064212,B,North,false,2021-07-17,good
710,88,8553.018514306288,69.79529812307055,A,North,true,2020-03-23,bad
711,20,28727.105391249035,80.5249547213435,C,North,true,2023-07-11,great
712,35,26831.8936281171,54.47382828939038,D,West,true,2024-02-15,great
713,58,52452.80611579287,69.81873023817599,A,South,true,2023-08-26,bad
714,21,34225.953335531114,66.83964978455265,D,South,true,2022-02-08,good
715,43,3288.43684126317,51.761636138438035,C,South,false,2023-04-09,great
716,29,11756.676868086171,46.54783078196967,D,West,true,2022-01-27,good
717,85,24601.53463429531,80.28623552911992,D,South,true,2021-10-16,good
718,22,18845.24848055647,64.73571426673033,A,North,false,2021-08-20,ok
719,28,32276.30290642098,54.66579577529006,C,South,false,2021-01-20,ok
720,32,41418.927632942046,68.55731594615001,C,South,true,2024-11-06,bad
721,28,35837.90421172604,86.92028286023954,A,East,false,2023-05-02,bad
722,58,18556.586009306506,35.78893231942116,B,West,true,2020-11-15,bad
723,44,5028.768444682304,47.550419651450106,D,North,true,2024-04-29,bad
724,83,15300.10547145852,56.156703371570984,C,West,true,2020-10-03,good
725,36,30733.06895510682,91.91768300080494,B,North,true,2022-12-20,good
726,56,9206.289750359581,74.23880474378944,B,East,true,2020-10-29,bad
727,65,36498.256966843765,81.50975860691841,D,South,false,2021-10-21,good
728,63,45556.775388834096,52.89758621310654,B,South,true,2023-04-18,bad
729,75,24379.394847185005,53.20696187094211,A,South,true,2024-12-30,ok
730,32,1898.7975700557756,76.71720575084066,C,South,true,2024-12-17,good
731,54,7923.0325546067825,70.8741149640317,D,West,true,2024-06-24,great
732,75,99603.37483108357,78.23108228296189,A,West,true,2021-03-06,great
733,80,14225.19213243736,67.18493513607322,B,West,false,2020-06-19,ok
734,62,4503.838992432348,74.1721558968194,B,South,false,2024-07-12,great
735,64,59171.65530257079,NaN,A,East,false,2024-08-13,poor
736,80,22263.068717008282,81.66651083627389,C,South,true,2021-05-24,good
737,62,53313.901440489746,NaN,B,West,false,2020-02-05,good
738,86,27489.70748091171,45.70192008412345,A,East,false,2023-03-29,bad
739,27,31788.100765248142,36.29097166988716,B,South,false,2020-05-19,great
740,43,29448.769283472437,85.0261809647726,D,South,true,2020-03-14,poor
741,26,38483.722918338906,87.81587639892905,D,South,false,2024-09-08,poor
742,24,136208.81053822322,54.69065470729994,C,East,true,2022-06-24,ok
743,51,47896.852372567395,42.10246890181557,B,East,false,2020-07-23,ok
744,34,6221.265027763609,71.48552231510801,D,South,true,2023-04-10,ok
745,47,31486.973897461754,83.96257339525795,A,West,false,2021-11-05,good
746,49,54895.38787921568,96.96391783651472,C,West,true,2022-09-06,ok
747,62,57650.87164759259,77.74446358152177,C,South,false,2024-06-30,ok
748,86,15657.667522886652,64.42424955121457,C,West,true,2021-03-10,bad
749,79,55935.55794710659,56.60304067622706,A,North,false,2023-03-27,great
750,45,46267.44771262168,70.17176937505981,C,West,true,2024-02-22,poor
751,41,172476.09904205197,65.51102944172115,C,South,false,2022-02-13,bad
752,73,12088.36393948221,54.77398141406776,D,East,false,2024-11-07,poor
753,26,14677.625506977807,100.7313347629493,A,South,true,2022-03-30,good
754,56,17242.020939769387,96.77752603108196,C,South,true,2022-04-18,poor
755,48,14880.728714981647,NaN,D,South,false,2024-06-03,great
756,31,10807.367972574979,56.187244032863084,B,East,true,2023-03-07,bad
757,62,2415.9783440546767,82.82528986445918,C,North,true,2024-05-06,great
758,41,15556.602429367198,79.59439614246853,A,West,false,2023-12-15,bad
759,31,29598.72152806448,NaN,C,West,true,2023-07-25,great
760,65,14845.061404946562,88.74497900565666,C,East,true,2021-03-17,good
761,30,103601.27822631897,79.53056714291915,A,East,true,2021-12-29,bad
762,66,22263.42886819815,81.10021354456504,A,East,true,2024-04-28,bad
763,29,61872.014249137515,79.55359425058315,C,North,true,2023-01-30,good
764,49,27150.10873113214,75.1118711200316,A,East,true,2021-05-26,bad
765,76,42664.64404499727,43.245833054287246,B,North,true,2021-08-21,great
766,34,27539.95788763238,71.25431616115836,A,East,true,2023-11-18,great
767,73,65842.95431839775,61.65712061726312,D,South,true,2020-11-21,ok
768,69,23034.571616004938,50.80238563539969,C,East,true,2020-07-23,good
769,82,32757.806087257406,95.22724928951236,D,West,true,2023-10-29,bad
770,30,29527.17624555333,95.93493011328556,A,North,false,2021-06-10,poor
771,69,17489.77377680438,90.38830900443418,A,East,true,2023-10-30,bad
772,85,30454.40284022975,73.82820125283811,C,South,false,2022-09-01,good
773,72,131598.24961119946,90.25937681428985,C,South,false,2024-12-28,ok
774,31,17741.866176912044,70.18079770902739,D,East,false,2022-08-17,good
775,77,30809.301320059076,73.04195915346669,D,West,false,2024-05-03,bad
776,25,60247.90992414814,53.59792944307026,D,North,true,2024-04-02,poor
777,60,54841.507631505025,75.9548695674826,A,West,false,2021-01-22,bad
778,53,22233.893418951327,70.90578892636626,B,West,true,2024-12-24,great
779,56,3272.433044844268,50.460218247483034,D,East,false,2023-09-24,ok
780,55,33301.651019970515,69.23204332275105,C,East,true,2020-07-14,bad
781,20,3730.9590333986807,68.80405654214788,D,South,true,2020-01-12,great
782,54,71392.62022217379,96.9634174996696,C,North,true,2021-05-10,ok
783,85,25224.703651700624,NaN,A,East,true,2020-01-30,bad
784,49,49008.018957525004,70.17168158637199,B,West,true,2021-10-15,bad
785,37,10703.339659430216,73.73180964701625,D,North,false,2024-12-25,poor
786,89,6361.338062299831,70.66318567156297,C,East,true,2022-05-24,good
787,25,27135.64638552532,66.95629022806679,A,East,false,2020-02-13,poor
788,53,21442.222003445742,53.7635920391757,A,West,true,2022-06-21,ok
789,54,14865.038703189739,67.73422183589607,D,South,false,2021-02-04,poor
790,52,23569.97710543383,58.8085261502123,D,South,true,2024-04-13,bad
791,84,201581.43318183525,51.2452669161528,D,South,true,2020-06-14,ok
792,48,42942.63515675296,77.66832721821302,A,West,true,2023-11-08,great
793,88,51000.91663043109,75.86896989899853,C,West,false,2022-03-25,bad
794,22,43267.17369693589,NaN,D,South,false,2020-02-04,bad
795,70,71938.70493570111,68.15973043757309,C,West,true,2023-05-14,ok
796,60,18919.39114666807,84.93552078849885,C,East,true,2022-04-11,great
797,35,4256.45083147599,85.88835608344482,B,South,false,2023-11-10,bad
798,34,18941.888920822523,85.38755264327858,A,North,false,2023-02-03,great
799,69,42166.80453146647,70.5836981035219,B,East,true,2023-12-09,great
800,63,10139.152400001756,57.32432008046273,C,East,true,2022-04-21,good
801,62,19127.975716452755,53.74451758962909,A,West,true,2020-01-15,poor
802,21,12664.830836781213,75.16907357125537,A,East,false,2020-08-26,good
803,61,73249.25831785267,75.68920051547744,B,North,false,2022-04-18,great
804,88,40117.407138193965,89.30996667407598,D,East,true,2021-12-27,ok
805,19,37094.81556009527,86.49969475513126,C,East,true,2023-12-22,great
806,51,36216.89676927626,68.01657015203241,C,South,true,2022-01-22,great
807,53,21379.773659246715,51.33691181708696,C,South,false,2024-04-20,great
808,82,25797.81367453847,65.21340104483653,A,West,true,2020-12-08,great
809,38,8534.331738612402,73.25846792215788,B,East,true,2021-12-04,poor
810,52,3830.866960487163,66.96875131915894,A,East,true,2023-10-13,great
811,69,24836.3827701967,61.331588378835164,D,South,true,2020-08-14,poor
812,22,28543.71940352567,73.79327222454849,D,South,false,2021-08-10,ok
813,75,57954.393122611145,62.44063387884084,B,East,true,2023-10-05,bad
814,77,77425.2824488113,60.57900874411939,B,West,true,2022-12-12,bad
815,69,77342.49215443275,74.6717925145516,B,East,false,2023-11-22,great
816,64,9912.790038261694,63.97011129806193,D,East,true,2022-07-31,ok
817,71,16617.106770200684,73.66156583467529,B,North,true,2024-04-18,good
818,74,32346.704892533424,74.09806034278184,D,West,false,2024-05-22,bad
819,83,166962.3709227406,52.90856498362638,B,North,false,2024-11-15,poor
820,48,71975.37768913814,62.78138314201882,C,West,true,2020-08-10,great
821,50,53934.07409443181,91.56665409874694,C,South,true,2022-12-16,great
822,63,16151.523128412346,52.5688073089857,B,West,false,2020-07-27,good
823,31,10866.503845982581,38.25018326544203,D,West,true,2021-02-22,good
824,79,41403.73224960069,42.072322701362324,C,West,false,2021-07-02,bad
825,73,9131.369739902753,70.43664919865004,D,West,false,2023-03-26,poor
826,63,18201.347689840866,70.46375917049049,D,East,true,2022-02-26,ok
827,39,20094.022078821134,68.23583716862319,A,West,false,2024-04-28,great
828,43,78773.32247845933,88.21284743392752,A,North,true,2021-06-29,ok
829,49,16584.80440182801,29.90748350345593,C,North,false,2023-02-01,ok
830,65,3129.4116328587215,75.93900811646236,B,East,true,2023-10-26,great
831,74,32976.673211903006,93.4215730270536,B,West,true,2024-11-26,poor
832,66,12591.566173530398,53.08328852662429,A,West,false,2021-03-24,ok
833,84,22790.631230447212,64.30290232315157,B,East,false,2023-09-02,ok
834,87,20550.411402827463,58.70662124157069,B,East,true,2020-06-03,poor
835,68,17694.989569972357,56.584809308837066,B,East,false,2022-09-19,bad
836,44,41451.21470442441,65.1060699246544,C,West,true,2022-01-26,poor
837,61,6462.090151560422,91.41227925526758,C,West,true,2024-10-17,ok
838,48,14565.17406215504,97.5608001323128,B,North,true,2023-11-13,poor
839,63,38071.84572087891,64.96091162439778,A,East,true,2024-08-21,ok
840,76,13476.897197234297,98.57590321096706,C,South,false,2024-04-02,great
841,44,6081.183633550672,NaN,A,West,false,2022-01-20,bad
842,54,37603.19407620919,96.30536540051622,B,East,false,2023-09-01,great
843,21,54093.845908012285,68.60052025519762,B,West,true,2020-02-25,bad
844,71,21247.697889785035,71.96586739069217,A,South,false,2022-10-16,great
845,53,4588.569144468277,75.48211708964251,B,East,true,2020-03-27,great
846,51,38745.728535322385,117.68280519051302,B,North,false,2023-08-16,ok
847,56,5837.685593928694,82.76928362267184,D,West,false,2024-11-01,ok
848,33,28198.933060559844,59.39103205072804,D,North,false,2023-05-29,bad
849,61,10829.497501945669,84.53496805413786,A,South,false,2024-03-14,great
850,71,8709.142120662935,64.57251194373488,C,West,true,2021-03-04,ok
851,43,15467.12350909897,62.653747256481864,C,West,false,2024-12-20,ok
852,27,19022.199195924284,83.62902039838167,B,South,false,2022-10-03,good
853,45,13156.002530976433,70.4662838165673,B,South,true,2023-05-17,good
854,32,35276.15865642617,74.17863871767709,D,North,false,2023-11-08,good
855,44,15415.742356683664,70.2097783279794,B,West,true,2023-03-14,poor
856,63,48250.07674507925,75.04874689908152,A,North,true,2021-08-02,poor
857,26,27582.547990290757,76.37448846154224,B,North,false,2023-01-22,good
858,71,12606.32857525869,NaN,B,South,false,2023-04-09,good
859,34,11017.586996925616,79.998590029143,B,North,true,2024-04-15,great
860,82,5895.843916626411,55.26970870254549,A,North,false,2022-05-29,ok
861,70,27794.308327415354,NaN,A,East,false,2022-07-05,bad
862,37,16586.260687324906,69.12383134211976,D,East,true,2022-07-08,great
863,58,3301.8677676819852,71.25971504971682,A,South,true,2020-07-28,bad
864,25,14348.89337923435,59.59740753141579,C,West,true,2020-06-13,good
865,25,10712.566564360961,82.46547786501961,C,East,false,2020-02-07,bad
866,86,77694.68063657824,49.867372504436396,C,North,true,2023-05-02,poor
867,75,5640.777053726477,63.895843768411616,D,East,false,2022-02-04,great
868,29,6952.936450661246,61.22688797600499,A,East,false,2024-04-30,good
869,38,53528.8325821596,69.3011909449099,B,West,false,2023-07-06,ok
870,32,65212.76597888746,74.18296426970858,A,North,true,2020-09-15,poor
871,46,12136.99674623003,54.88160575564683,C,North,true,2020-07-01,poor
872,38,13284.209347609401,80.86424016184343,C,South,false,2021-10-30,great
873,41,36061.76050967556,70.9450355250205,D,South,false,2024-08-09,good
874,56,3423.162678221658,41.62080620032134,B,West,true,2020-03-29,bad
875,31,4969.35361056304,40.62112839404453,A,East,false,2020-12-08,bad
876,81,17595.760640615048,69.81521060606033,D,East,false,2020-02-24,good
877,70,76108.28843030751,66.68549023320469,C,East,false,2022-01-25,good
878,72,15543.781428171404,68.4486982963805,D,West,true,2024-12-13,bad
879,30,23878.874463778062,69.58026315204673,B,South,false,2023-06-03,ok
880,68,54558.64286600678,73.38339759265271,B,North,false,2022-06-20,bad
881,78,118836.96451411131,84.2147441477245,B,North,false,2020-09-20,ok
882,30,13884.400482809297,53.333426486236625,C,South,true,2021-10-11,bad
883,72,21731.772105139906,52.42042610648808,A,East,false,2022-08-16,good
884,43,94621.89505784685,53.60014213168927,D,South,true,2021-05-17,poor
885,74,6517.46372395144,74.3337500075306,A,South,false,2023-07-12,ok
886,52,50114.45941161341,88.67421067969669,B,South,true,2024-11-25,bad
887,75,9753.169363670966,63.529908426407346,B,West,true,2021-01-11,poor
888,28,23908.226738292367,32.47450233760518,C,West,true,2021-04-05,poor
889,46,18140.544904953244,44.44010706084437,C,North,true,2020-08-18,poor
890,37,10235.227437978996,57.50444915805983,D,North,true,2023-08-18,good
891,35,10031.83141366336,61.634066687571774,D,North,true,2022-04-23,great
892,40,27477.739727393964,63.8741705911791,A,West,false,2021-06-02,poor
893,45,48846.180326484275,70.57871684471375,A,South,true,2021-02-04,poor
894,27,19854.997893063854,65.32380503766329,D,West,false,2020-05-08,bad
895,68,23297.248139701634,NaN,B,East,true,2022-05-19,poor
896,57,34784.920505064045,59.859740414779466,A,East,false,2023-06-02,ok
897,77,10124.413674328129,57.06523060786685,D,South,true,2021-03-05,ok
898,68,39805.24660100479,77.18313307780693,C,South,false,2020-01-03,ok
899,28,42424.21037396077,46.96536895110821,A,North,true,2022-05-14,great
900,23,176822.38603234553,75.84537557980003,D,East,true,2023-05-19,good
901,48,16303.199364291482,71.538297755894,C,South,false,2021-09-22,ok
902,52,15268.307573910175,67.78836265122749,C,South,false,2021-04-02,poor
903,35,40748.43435761929,93.82414160723894,D,North,true,2020-10-08,ok
904,74,42416.1020785068,NaN,B,West,false,2023-09-25,bad
905,59,14356.10085170118,100.90447255786117,B,West,true,2024-04-23,good
906,71,15954.079738050137,66.6185282615785,C,South,true,2023-11-07,ok
907,25,33958.84640345895,NaN,A,East,true,2022-08-04,great
908,76,11360.896511331464,71.04879371492238,A,West,false,2023-08-15,ok
909,32,15860.274608747854,53.85632199521848,D,East,true,2021-12-26,poor
910,50,23663.148796244186,58.7236622827975,A,East,true,2020-02-14,great
911,49,48861.78845756249,75.95549950023236,C,South,true,2021-11-02,ok
912,77,13579.561453796428,78.33373132975187,B,East,false,2023-07-09,good
913,37,5044.694774563742,60.66748449618613,A,East,true,2023-03-28,ok
914,35,4753.906718237587,84.81107717569601,C,East,false,2024-12-13,good
915,42,8042.293210053523,87.36261637031701,D,East,false,2024-12-27,great
916,43,7703.775600864104,91.54452634844937,B,East,false,2021-03-19,good
917,31,19463.795797254053,77.94120110688583,A,North,false,2020-01-18,poor
918,30,8509.137602469104,NaN,A,West,true,2021-05-16,bad
919,34,12554.017742148379,41.78802358038914,A,West,true,2024-05-19,ok
920,51,11857.68301318139,65.23140177057306,D,North,false,2024-01-26,good
921,42,15484.483102515309,56.9949211551486,B,South,true,2020-06-29,bad
922,46,63449.74569772953,71.78838791691088,B,West,true,2020-10-20,poor
923,69,37404.94042278138,61.428261712048936,A,South,true,2022-10-26,bad
924,35,22312.526634420574,67.50763237075401,B,West,false,2023-04-21,ok
925,83,15232.38413309932,98.23262320306074,D,West,false,2024-11-29,poor
926,72,15574.868096598884,67.45420305369433,B,West,true,2023-10-11,great
927,30,28629.62145290352,76.2068847578532,C,North,false,2021-01-22,good
928,40,35148.43098974162,66.51596005113647,A,South,false,2020-03-08,bad
929,31,10656.294134587495,71.13569931935251,A,East,false,2023-03-03,bad
930,37,22678.771835270054,70.09025020654107,C,West,false,2022-10-08,bad
931,44,4335.986133277787,76.72486098959739,A,North,false,2024-08-11,bad
932,27,26091.660660626116,87.47961303320766,B,South,true,2022-11-18,ok
933,19,40526.82556929633,94.71090996404993,B,North,false,2022-07-04,bad
934,49,17605.120892297782,74.6443012286375,A,West,true,2021-07-08,bad
935,68,94204.34614420349,78.84320329053403,C,West,true,2020-06-06,ok
936,39,10883.566195784391,52.737032362216496,D,North,false,2024-05-20,bad
937,79,26211.468742749144,68.6818488637657,A,North,false,2024-02-18,bad
938,44,21404.15203820419,84.10434197325384,D,South,true,2020-10-24,ok
939,82,20328.149229316077,82.9895295762573,C,West,false,2023-07-10,poor
940,34,20101.35019348238,73.17414599192576,C,South,true,2021-10-27,ok
941,56,23996.998140008087,83.29590939351928,A,South,true,2022-03-09,ok
942,72,43406.609224414904,77.36150063490729,D,South,true,2024-03-30,poor
943,22,66316.16676243141,88.00459387388983,A,East,false,2024-03-18,great
944,84,21986.84951714923,74.34038735435666,D,South,true,2020-12-14,bad
945,44,42287.75561383931,64.66452526643448,C,North,true,2021-07-16,bad
946,53,12563.944496492059,75.03761885399535,B,West,false,2024-02-09,ok
947,63,40650.41655101868,26.041084362208366,A,South,true,2024-08-02,ok
948,64,11972.968717244656,75.74328604577575,C,South,false,2020-05-24,good
949,19,52708.28584708336,15.273807621778246,A,East,true,2024-03-02,good
950,80,129121.96501615673,44.14804888891873,C,East,true,2022-06-12,bad
951,62,19976.920069069587,76.77652901411476,D,North,false,2022-12-14,poor
952,89,3812.2132590799624,77.16294005900193,B,North,true,2020-05-17,great
953,51,14207.73272406446,52.56356829790104,A,North,true,2023-05-28,poor
954,62,59012.236956905625,59.31846937181592,A,West,true,2023-05-23,good
955,49,34284.93862653576,90.55811482921197,A,East,true,2023-04-25,ok
956,82,26879.814106705748,62.73954802640986,A,West,true,2023-12-15,ok
957,77,49361.926370061105,NaN,A,East,true,2024-09-24,ok
958,83,32453.47328556627,69.9712022023548,C,South,false,2024-04-01,ok
959,54,58347.987674266624,76.120542653219,B,East,true,2023-09-22,bad
960,74,45960.56114537668,94.25311597747911,D,East,true,2024-11-27,good
961,43,74411.09694529395,71.9654067429013,D,South,true,2023-05-17,poor
962,51,29349.67838061031,54.96484028963798,D,West,false,2023-05-12,poor
963,72,45442.70229718696,68.35408822458565,C,West,false,2022-09-17,good
964,23,17228.122239250457,69.46583895714863,B,West,false,2023-11-06,ok
965,69,13613.692282762755,49.528875216976516,D,West,true,2020-05-10,ok
966,19,86285.26426146188,66.16251892988765,A,South,false,2022-07-13,great
967,59,26185.569119997086,58.86711859003845,B,North,true,2022-02-16,poor
968,52,41936.18985001565,83.86536635781151,B,South,false,2024-07-25,ok
969,51,24318.48431415262,70.51917811277883,C,East,true,2020-05-12,great
970,53,13777.436258635145,65.75806376278645,C,West,true,2023-03-22,poor
971,53,22220.84995063807,68.40727104066136,D,South,false,2020-12-02,poor
972,47,69480.0690533667,73.34683027609249,D,South,true,2024-06-02,bad
973,50,34344.324535818785,79.2522129953467,B,South,true,2024-04-05,poor
974,58,5601.677986103382,55.00431656995928,D,West,true,2021-03-06,ok
975,72,18542.198893167482,54.376185510680926,A,North,false,2024-05-11,good
976,57,91659.42035321883,86.57018823103795,D,South,false,2022-06-26,great
977,64,18563.684603270383,63.81494691692904,A,North,false,2024-11-09,poor
978,78,5216.683043439064,48.74736861104689,D,West,false,2023-08-26,bad
979,89,100151.47895041364,76.65719064074656,B,South,true,2020-03-03,ok
980,25,38021.76385744703,76.9505470904903,D,North,true,2021-01-05,bad
981,69,20826.671188226086,47.0392711411494,A,South,true,2022-01-07,good
982,34,16364.437449686793,73.4422257319541,B,North,true,2021-01-21,poor
983,32,52359.12684194867,81.0337463864256,D,South,true,2020-08-29,good
984,75,14277.116358449972,75.61579677559395,A,West,true,2024-11-21,ok
985,22,55193.75763857697,79.47972225642093,B,East,true,2024-05-06,good
986,79,33987.776647095496,48.935963528638766,A,West,false,2022-03-05,great
987,73,26788.97069040858,74.96560232494294,B,East,true,2021-01-27,poor
988,89,24745.819490826638,65.4607036079433,B,West,false,2020-11-28,great
989,66,19149.37909084665,62.75814761913033,C,South,true,2024-07-31,great
990,80,50843.73031157331,83.0583341412959,B,West,false,2021-08-28,poor
991,26,11022.850709414532,92.18911766011345,A,North,false,2020-01-24,poor
992,82,6017.69694924995,96.91555081900538,A,South,false,2021-12-27,poor
993,29,36010.00510157518,89.72211807258857,D,East,true,2022-04-10,bad
994,40,36497.19409309083,68.35398727554724,D,South,true,2023-02-12,ok
995,27,32344.294677461115,75.29080244539514,A,South,false,2021-09-10,poor
996,46,30521.37984942654,81.50234307676365,A,North,false,2024-08-13,bad
997,71,17044.241731826147,71.81766923949193,A,North,true,2023-03-21,great
998,37,41356.55296657753,71.96146281867317,D,East,false,2024-12-07,good
999,77,21238.13145582348,82.35629697814272,C,West,true,2021-11-01,poor
